,Unnamed: 0,shop_name,shop_address,shop_lat,shop_lng,types
0,4,Target,"1004 Andrews Run, Hendersonville, TN 37075",36.3344444,-86.6252778,"['department_store', 'grocery_or_supermarket', 'electronics_store', 'furniture_store', 'home_goods_store', 'food', 'point_of_interest', 'clothing_store', 'store', 'establishment']"
1,56,Target,"1004 Andrews Run, Hendersonville, TN 37075",36.3344444,-86.6252778,"['department_store', 'grocery_or_supermarket', 'electronics_store', 'furniture_store', 'home_goods_store', 'food', 'point_of_interest', 'clothing_store', 'store', 'establishment']"
2,99,Target,"1004 Andrews Run, Hendersonville, TN 37075",36.3344444,-86.6252778,"['department_store', 'grocery_or_supermarket', 'electronics_store', 'furniture_store', 'home_goods_store', 'food', 'point_of_interest', 'clothing_store', 'store', 'establishment']"
3,113,Target,"1004 Andrews Run, Hendersonville, TN 37075",36.3344444,-86.6252778,"['department_store', 'grocery_or_supermarket', 'electronics_store', 'furniture_store', 'home_goods_store', 'food', 'point_of_interest', 'clothing_store', 'store', 'establishment']"
4,133,Target,"1004 Andrews Run, Hendersonville, TN 37075",36.3344444,-86.6252778,"['department_store', 'grocery_or_supermarket', 'electronics_store', 'furniture_store', 'home_goods_store', 'food', 'point_of_interest', 'clothing_store', 'store', 'establishment']"
5,167,Target,"1004 Andrews Run, Hendersonville, TN 37075",36.3344444,-86.6252778,"['department_store', 'grocery_or_supermarket', 'electronics_store', 'furniture_store', 'home_goods_store', 'food', 'point_of_interest', 'clothing_store', 'store', 'establishment']"
6,183,Target,"1004 Andrews Run, Hendersonville, TN 37075",36.3344444,-86.6252778,"['department_store', 'grocery_or_supermarket', 'electronics_store', 'furniture_store', 'home_goods_store', 'food', 'point_of_interest', 'clothing_store', 'store', 'establishment']"
7,209,Target,"1004 Andrews Run, Hendersonville, TN 37075",36.3344444,-86.6252778,"['department_store', 'grocery_or_supermarket', 'electronics_store', 'furniture_store', 'home_goods_store', 'food', 'point_of_interest', 'clothing_store', 'store', 'establishment']"
8,240,Target,"1004 Andrews Run, Hendersonville, TN 37075",36.3344444,-86.6252778,"['department_store', 'grocery_or_supermarket', 'electronics_store', 'furniture_store', 'home_goods_store', 'food', 'point_of_interest', 'clothing_store', 'store', 'establishment']"
9,285,Target,"1004 Andrews Run, Hendersonville, TN 37075",36.3344444,-86.6252778,"['department_store', 'grocery_or_supermarket', 'electronics_store', 'furniture_store', 'home_goods_store', 'food', 'point_of_interest', 'clothing_store', 'store', 'establishment']"
10,323,Target,"1004 Andrews Run, Hendersonville, TN 37075",36.3344444,-86.6252778,"['department_store', 'grocery_or_supermarket', 'electronics_store', 'furniture_store', 'home_goods_store', 'food', 'point_of_interest', 'clothing_store', 'store', 'establishment']"
11,368,Target,"1004 Andrews Run, Hendersonville, TN 37075",36.3344444,-86.6252778,"['department_store', 'grocery_or_supermarket', 'electronics_store', 'furniture_store', 'home_goods_store', 'food', 'point_of_interest', 'clothing_store', 'store', 'establishment']"
12,413,Target,"1004 Andrews Run, Hendersonville, TN 37075",36.3344444,-86.6252778,"['department_store', 'grocery_or_supermarket', 'electronics_store', 'furniture_store', 'home_goods_store', 'food', 'point_of_interest', 'clothing_store', 'store', 'establishment']"
13,19,Target,"1033 Crossings Blvd, Spring Hill, TN 37174",35.7413853,-86.9372836,"['department_store', 'grocery_or_supermarket', 'electronics_store', 'furniture_store', 'home_goods_store', 'food', 'point_of_interest', 'clothing_store', 'store', 'establishment']"
14,63,Target,"1033 Crossings Blvd, Spring Hill, TN 37174",35.7413853,-86.9372836,"['department_store', 'grocery_or_supermarket', 'electronics_store', 'furniture_store', 'home_goods_store', 'food', 'point_of_interest', 'clothing_store', 'store', 'establishment']"
15,140,Target,"1033 Crossings Blvd, Spring Hill, TN 37174",35.7413853,-86.9372836,"['department_store', 'grocery_or_supermarket', 'electronics_store', 'furniture_store', 'home_goods_store', 'food', 'point_of_interest', 'clothing_store', 'store', 'establishment']"
16,190,Target,"1033 Crossings Blvd, Spring Hill, TN 37174",35.7413853,-86.9372836,"['department_store', 'grocery_or_supermarket', 'electronics_store', 'furniture_store', 'home_goods_store', 'food', 'point_of_interest', 'clothing_store', 'store', 'establishment']"
17,215,Target,"1033 Crossings Blvd, Spring Hill, TN 37174",35.7413853,-86.9372836,"['department_store', 'grocery_or_supermarket', 'electronics_store', 'furniture_store', 'home_goods_store', 'food', 'point_of_interest', 'clothing_store', 'store', 'establishment']"
18,250,Target,"1033 Crossings Blvd, Spring Hill, TN 37174",35.7413853,-86.9372836,"['department_store', 'grocery_or_supermarket', 'electronics_store', 'furniture_store', 'home_goods_store', 'food', 'point_of_interest', 'clothing_store', 'store', 'establishment']"
19,284,Target,"1033 Crossings Blvd, Spring Hill, TN 37174",35.7413853,-86.9372836,"['department_store', 'grocery_or_supermarket', 'electronics_store', 'furniture_store', 'home_goods_store', 'food', 'point_of_interest', 'clothing_store', 'store', 'establishment']"
20,331,Target,"1033 Crossings Blvd, Spring Hill, TN 37174",35.7413853,-86.9372836,"['department_store', 'grocery_or_supermarket', 'electronics_store', 'furniture_store', 'home_goods_store', 'food', 'point_of_interest', 'clothing_store', 'store', 'establishment']"
21,373,Target,"1033 Crossings Blvd, Spring Hill, TN 37174",35.7413853,-86.9372836,"['department_store', 'grocery_or_supermarket', 'electronics_store', 'furniture_store', 'home_goods_store', 'food', 'point_of_interest', 'clothing_store', 'store', 'establishment']"
22,410,Target,"1033 Crossings Blvd, Spring Hill, TN 37174",35.7413853,-86.9372836,"['department_store', 'grocery_or_supermarket', 'electronics_store', 'furniture_store', 'home_goods_store', 'food', 'point_of_interest', 'clothing_store', 'store', 'establishment']"
23,25,Target,"160 American Ave, Bowling Green, KY 42104",36.9489775,-86.4356534,"['department_store', 'electronics_store', 'furniture_store', 'home_goods_store', 'point_of_interest', 'clothing_store', 'store', 'establishment']"
24,86,Target,"160 American Ave, Bowling Green, KY 42104",36.9489775,-86.4356534,"['department_store', 'electronics_store', 'furniture_store', 'home_goods_store', 'point_of_interest', 'clothing_store', 'store', 'establishment']"
25,152,Target,"160 American Ave, Bowling Green, KY 42104",36.9489775,-86.4356534,"['department_store', 'electronics_store', 'furniture_store', 'home_goods_store', 'point_of_interest', 'clothing_store', 'store', 'establishment']"
26,196,Target,"160 American Ave, Bowling Green, KY 42104",36.9489775,-86.4356534,"['department_store', 'electronics_store', 'furniture_store', 'home_goods_store', 'point_of_interest', 'clothing_store', 'store', 'establishment']"
27,223,Target,"160 American Ave, Bowling Green, KY 42104",36.9489775,-86.4356534,"['department_store', 'electronics_store', 'furniture_store', 'home_goods_store', 'point_of_interest', 'clothing_store', 'store', 'establishment']"
28,257,Target,"160 American Ave, Bowling Green, KY 42104",36.9489775,-86.4356534,"['department_store', 'electronics_store', 'furniture_store', 'home_goods_store', 'point_of_interest', 'clothing_store', 'store', 'establishment']"
29,296,Target,"160 American Ave, Bowling Green, KY 42104",36.9489775,-86.4356534,"['department_store', 'electronics_store', 'furniture_store', 'home_goods_store', 'point_of_interest', 'clothing_store', 'store', 'establishment']"
30,340,Target,"160 American Ave, Bowling Green, KY 42104",36.9489775,-86.4356534,"['department_store', 'electronics_store', 'furniture_store', 'home_goods_store', 'point_of_interest', 'clothing_store', 'store', 'establishment']"
31,394,Target,"160 American Ave, Bowling Green, KY 42104",36.9489775,-86.4356534,"['department_store', 'electronics_store', 'furniture_store', 'home_goods_store', 'point_of_interest', 'clothing_store', 'store', 'establishment']"
32,8,Target,"1701 Galleria Blvd, Franklin, TN 37067",35.9660895,-86.8127669,"['department_store', 'grocery_or_supermarket', 'electronics_store', 'furniture_store', 'home_goods_store', 'food', 'point_of_interest', 'clothing_store', 'store', 'establishment']"
33,57,Target,"1701 Galleria Blvd, Franklin, TN 37067",35.9660895,-86.8127669,"['department_store', 'grocery_or_supermarket', 'electronics_store', 'furniture_store', 'home_goods_store', 'food', 'point_of_interest', 'clothing_store', 'store', 'establishment']"
34,119,Target,"1701 Galleria Blvd, Franklin, TN 37067",35.9660895,-86.8127669,"['department_store', 'grocery_or_supermarket', 'electronics_store', 'furniture_store', 'home_goods_store', 'food', 'point_of_interest', 'clothing_store', 'store', 'establishment']"
35,134,Target,"1701 Galleria Blvd, Franklin, TN 37067",35.9660895,-86.8127669,"['department_store', 'grocery_or_supermarket', 'electronics_store', 'furniture_store', 'home_goods_store', 'food', 'point_of_interest', 'clothing_store', 'store', 'establishment']"
36,170,Target,"1701 Galleria Blvd, Franklin, TN 37067",35.9660895,-86.8127669,"['department_store', 'grocery_or_supermarket', 'electronics_store', 'furniture_store', 'home_goods_store', 'food', 'point_of_interest', 'clothing_store', 'store', 'establishment']"
37,182,Target,"1701 Galleria Blvd, Franklin, TN 37067",35.9660895,-86.8127669,"['department_store', 'grocery_or_supermarket', 'electronics_store', 'furniture_store', 'home_goods_store', 'food', 'point_of_interest', 'clothing_store', 'store', 'establishment']"
38,208,Target,"1701 Galleria Blvd, Franklin, TN 37067",35.9660895,-86.8127669,"['department_store', 'grocery_or_supermarket', 'electronics_store', 'furniture_store', 'home_goods_store', 'food', 'point_of_interest', 'clothing_store', 'store', 'establishment']"
39,243,Target,"1701 Galleria Blvd, Franklin, TN 37067",35.9660895,-86.8127669,"['department_store', 'grocery_or_supermarket', 'electronics_store', 'furniture_store', 'home_goods_store', 'food', 'point_of_interest', 'clothing_store', 'store', 'establishment']"
40,279,Target,"1701 Galleria Blvd, Franklin, TN 37067",35.9660895,-86.8127669,"['department_store', 'grocery_or_supermarket', 'electronics_store', 'furniture_store', 'home_goods_store', 'food', 'point_of_interest', 'clothing_store', 'store', 'establishment']"
41,324,Target,"1701 Galleria Blvd, Franklin, TN 37067",35.9660895,-86.8127669,"['department_store', 'grocery_or_supermarket', 'electronics_store', 'furniture_store', 'home_goods_store', 'food', 'point_of_interest', 'clothing_store', 'store', 'establishment']"
42,365,Target,"1701 Galleria Blvd, Franklin, TN 37067",35.9660895,-86.8127669,"['department_store', 'grocery_or_supermarket', 'electronics_store', 'furniture_store', 'home_goods_store', 'food', 'point_of_interest', 'clothing_store', 'store', 'establishment']"
43,399,Target,"1701 Galleria Blvd, Franklin, TN 37067",35.9660895,-86.8127669,"['department_store', 'grocery_or_supermarket', 'electronics_store', 'furniture_store', 'home_goods_store', 'food', 'point_of_interest', 'clothing_store', 'store', 'establishment']"
44,405,Target,"1701 Galleria Blvd, Franklin, TN 37067",35.9660895,-86.8127669,"['department_store', 'grocery_or_supermarket', 'electronics_store', 'furniture_store', 'home_goods_store', 'food', 'point_of_interest', 'clothing_store', 'store', 'establishment']"
45,18,Target,"1851 Old Fort Pkwy, Murfreesboro, TN 37129",35.8433561,-86.425899,"['department_store', 'grocery_or_supermarket', 'electronics_store', 'furniture_store', 'home_goods_store', 'food', 'point_of_interest', 'clothing_store', 'store', 'establishment']"
46,67,Target,"1851 Old Fort Pkwy, Murfreesboro, TN 37129",35.8433561,-86.425899,"['department_store', 'grocery_or_supermarket', 'electronics_store', 'furniture_store', 'home_goods_store', 'food', 'point_of_interest', 'clothing_store', 'store', 'establishment']"
47,144,Target,"1851 Old Fort Pkwy, Murfreesboro, TN 37129",35.8433561,-86.425899,"['department_store', 'grocery_or_supermarket', 'electronics_store', 'furniture_store', 'home_goods_store', 'food', 'point_of_interest', 'clothing_store', 'store', 'establishment']"
48,187,Target,"1851 Old Fort Pkwy, Murfreesboro, TN 37129",35.8433561,-86.425899,"['department_store', 'grocery_or_supermarket', 'electronics_store', 'furniture_store', 'home_goods_store', 'food', 'point_of_interest', 'clothing_store', 'store', 'establishment']"
49,217,Target,"1851 Old Fort Pkwy, Murfreesboro, TN 37129",35.8433561,-86.425899,"['department_store', 'grocery_or_supermarket', 'electronics_store', 'furniture_store', 'home_goods_store', 'food', 'point_of_interest', 'clothing_store', 'store', 'establishment']"
50,251,Target,"1851 Old Fort Pkwy, Murfreesboro, TN 37129",35.8433561,-86.425899,"['department_store', 'grocery_or_supermarket', 'electronics_store', 'furniture_store', 'home_goods_store', 'food', 'point_of_interest', 'clothing_store', 'store', 'establishment']"
51,289,Target,"1851 Old Fort Pkwy, Murfreesboro, TN 37129",35.8433561,-86.425899,"['department_store', 'grocery_or_supermarket', 'electronics_store', 'furniture_store', 'home_goods_store', 'food', 'point_of_interest', 'clothing_store', 'store', 'establishment']"
52,335,Target,"1851 Old Fort Pkwy, Murfreesboro, TN 37129",35.8433561,-86.425899,"['department_store', 'grocery_or_supermarket', 'electronics_store', 'furniture_store', 'home_goods_store', 'food', 'point_of_interest', 'clothing_store', 'store', 'establishment']"
53,376,Target,"1851 Old Fort Pkwy, Murfreesboro, TN 37129",35.8433561,-86.425899,"['department_store', 'grocery_or_supermarket', 'electronics_store', 'furniture_store', 'home_goods_store', 'food', 'point_of_interest', 'clothing_store', 'store', 'establishment']"
54,421,Target,"1851 Old Fort Pkwy, Murfreesboro, TN 37129",35.8433561,-86.425899,"['department_store', 'grocery_or_supermarket', 'electronics_store', 'furniture_store', 'home_goods_store', 'food', 'point_of_interest', 'clothing_store', 'store', 'establishment']"
55,301,Target,"2021 Walnut St, Cary, NC 27518",35.7574811,-78.7379239,"['department_store', 'grocery_or_supermarket', 'electronics_store', 'furniture_store', 'home_goods_store', 'food', 'point_of_interest', 'clothing_store', 'store', 'establishment']"
56,0,Target,"2050 Gallatin Ave N, Madison, TN 37115",36.3046064,-86.6941538,"['department_store', 'electronics_store', 'furniture_store', 'home_goods_store', 'point_of_interest', 'clothing_store', 'store', 'establishment']"
57,58,Target,"2050 Gallatin Ave N, Madison, TN 37115",36.3046064,-86.6941538,"['department_store', 'electronics_store', 'furniture_store', 'home_goods_store', 'point_of_interest', 'clothing_store', 'store', 'establishment']"
58,98,Target,"2050 Gallatin Ave N, Madison, TN 37115",36.3046064,-86.6941538,"['department_store', 'electronics_store', 'furniture_store', 'home_goods_store', 'point_of_interest', 'clothing_store', 'store', 'establishment']"
59,109,Target,"2050 Gallatin Ave N, Madison, TN 37115",36.3046064,-86.6941538,"['department_store', 'electronics_store', 'furniture_store', 'home_goods_store', 'point_of_interest', 'clothing_store', 'store', 'establishment']"
60,132,Target,"2050 Gallatin Ave N, Madison, TN 37115",36.3046064,-86.6941538,"['department_store', 'electronics_store', 'furniture_store', 'home_goods_store', 'point_of_interest', 'clothing_store', 'store', 'establishment']"
61,165,Target,"2050 Gallatin Ave N, Madison, TN 37115",36.3046064,-86.6941538,"['department_store', 'electronics_store', 'furniture_store', 'home_goods_store', 'point_of_interest', 'clothing_store', 'store', 'establishment']"
62,181,Target,"2050 Gallatin Ave N, Madison, TN 37115",36.3046064,-86.6941538,"['department_store', 'electronics_store', 'furniture_store', 'home_goods_store', 'point_of_interest', 'clothing_store', 'store', 'establishment']"
63,206,Target,"2050 Gallatin Ave N, Madison, TN 37115",36.3046064,-86.6941538,"['department_store', 'electronics_store', 'furniture_store', 'home_goods_store', 'point_of_interest', 'clothing_store', 'store', 'establishment']"
64,239,Target,"2050 Gallatin Ave N, Madison, TN 37115",36.3046064,-86.6941538,"['department_store', 'electronics_store', 'furniture_store', 'home_goods_store', 'point_of_interest', 'clothing_store', 'store', 'establishment']"
65,271,Target,"2050 Gallatin Ave N, Madison, TN 37115",36.3046064,-86.6941538,"['department_store', 'electronics_store', 'furniture_store', 'home_goods_store', 'point_of_interest', 'clothing_store', 'store', 'establishment']"
66,283,Target,"2050 Gallatin Ave N, Madison, TN 37115",36.3046064,-86.6941538,"['department_store', 'electronics_store', 'furniture_store', 'home_goods_store', 'point_of_interest', 'clothing_store', 'store', 'establishment']"
67,319,Target,"2050 Gallatin Ave N, Madison, TN 37115",36.3046064,-86.6941538,"['department_store', 'electronics_store', 'furniture_store', 'home_goods_store', 'point_of_interest', 'clothing_store', 'store', 'establishment']"
68,366,Target,"2050 Gallatin Ave N, Madison, TN 37115",36.3046064,-86.6941538,"['department_store', 'electronics_store', 'furniture_store', 'home_goods_store', 'point_of_interest', 'clothing_store', 'store', 'establishment']"
69,409,Target,"2050 Gallatin Ave N, Madison, TN 37115",36.3046064,-86.6941538,"['department_store', 'electronics_store', 'furniture_store', 'home_goods_store', 'point_of_interest', 'clothing_store', 'store', 'establishment']"
70,2,Target,"26 White Bridge Rd, Nashville, TN 37205",36.1312015,-86.854187,"['department_store', 'grocery_or_supermarket', 'electronics_store', 'furniture_store', 'home_goods_store', 'food', 'point_of_interest', 'clothing_store', 'store', 'establishment']"
71,46,Target,"26 White Bridge Rd, Nashville, TN 37205",36.1312015,-86.854187,"['department_store', 'grocery_or_supermarket', 'electronics_store', 'furniture_store', 'home_goods_store', 'food', 'point_of_interest', 'clothing_store', 'store', 'establishment']"
72,50,Target,"26 White Bridge Rd, Nashville, TN 37205",36.1312015,-86.854187,"['department_store', 'grocery_or_supermarket', 'electronics_store', 'furniture_store', 'home_goods_store', 'food', 'point_of_interest', 'clothing_store', 'store', 'establishment']"
73,51,Target,"26 White Bridge Rd, Nashville, TN 37205",36.1312015,-86.854187,"['department_store', 'grocery_or_supermarket', 'electronics_store', 'furniture_store', 'home_goods_store', 'food', 'point_of_interest', 'clothing_store', 'store', 'establishment']"
74,94,Target,"26 White Bridge Rd, Nashville, TN 37205",36.1312015,-86.854187,"['department_store', 'grocery_or_supermarket', 'electronics_store', 'furniture_store', 'home_goods_store', 'food', 'point_of_interest', 'clothing_store', 'store', 'establishment']"
75,96,Target,"26 White Bridge Rd, Nashville, TN 37205",36.1312015,-86.854187,"['department_store', 'grocery_or_supermarket', 'electronics_store', 'furniture_store', 'home_goods_store', 'food', 'point_of_interest', 'clothing_store', 'store', 'establishment']"
76,106,Target,"26 White Bridge Rd, Nashville, TN 37205",36.1312015,-86.854187,"['department_store', 'grocery_or_supermarket', 'electronics_store', 'furniture_store', 'home_goods_store', 'food', 'point_of_interest', 'clothing_store', 'store', 'establishment']"
77,108,Target,"26 White Bridge Rd, Nashville, TN 37205",36.1312015,-86.854187,"['department_store', 'grocery_or_supermarket', 'electronics_store', 'furniture_store', 'home_goods_store', 'food', 'point_of_interest', 'clothing_store', 'store', 'establishment']"
78,127,Target,"26 White Bridge Rd, Nashville, TN 37205",36.1312015,-86.854187,"['department_store', 'grocery_or_supermarket', 'electronics_store', 'furniture_store', 'home_goods_store', 'food', 'point_of_interest', 'clothing_store', 'store', 'establishment']"
79,162,Target,"26 White Bridge Rd, Nashville, TN 37205",36.1312015,-86.854187,"['department_store', 'grocery_or_supermarket', 'electronics_store', 'furniture_store', 'home_goods_store', 'food', 'point_of_interest', 'clothing_store', 'store', 'establishment']"
80,174,Target,"26 White Bridge Rd, Nashville, TN 37205",36.1312015,-86.854187,"['department_store', 'grocery_or_supermarket', 'electronics_store', 'furniture_store', 'home_goods_store', 'food', 'point_of_interest', 'clothing_store', 'store', 'establishment']"
81,203,Target,"26 White Bridge Rd, Nashville, TN 37205",36.1312015,-86.854187,"['department_store', 'grocery_or_supermarket', 'electronics_store', 'furniture_store', 'home_goods_store', 'food', 'point_of_interest', 'clothing_store', 'store', 'establishment']"
82,232,Target,"26 White Bridge Rd, Nashville, TN 37205",36.1312015,-86.854187,"['department_store', 'grocery_or_supermarket', 'electronics_store', 'furniture_store', 'home_goods_store', 'food', 'point_of_interest', 'clothing_store', 'store', 'establishment']"
83,233,Target,"26 White Bridge Rd, Nashville, TN 37205",36.1312015,-86.854187,"['department_store', 'grocery_or_supermarket', 'electronics_store', 'furniture_store', 'home_goods_store', 'food', 'point_of_interest', 'clothing_store', 'store', 'establishment']"
84,237,Target,"26 White Bridge Rd, Nashville, TN 37205",36.1312015,-86.854187,"['department_store', 'grocery_or_supermarket', 'electronics_store', 'furniture_store', 'home_goods_store', 'food', 'point_of_interest', 'clothing_store', 'store', 'establishment']"
85,269,Target,"26 White Bridge Rd, Nashville, TN 37205",36.1312015,-86.854187,"['department_store', 'grocery_or_supermarket', 'electronics_store', 'furniture_store', 'home_goods_store', 'food', 'point_of_interest', 'clothing_store', 'store', 'establishment']"
86,275,Target,"26 White Bridge Rd, Nashville, TN 37205",36.1312015,-86.854187,"['department_store', 'grocery_or_supermarket', 'electronics_store', 'furniture_store', 'home_goods_store', 'food', 'point_of_interest', 'clothing_store', 'store', 'establishment']"
87,311,Target,"26 White Bridge Rd, Nashville, TN 37205",36.1312015,-86.854187,"['department_store', 'grocery_or_supermarket', 'electronics_store', 'furniture_store', 'home_goods_store', 'food', 'point_of_interest', 'clothing_store', 'store', 'establishment']"
88,314,Target,"26 White Bridge Rd, Nashville, TN 37205",36.1312015,-86.854187,"['department_store', 'grocery_or_supermarket', 'electronics_store', 'furniture_store', 'home_goods_store', 'food', 'point_of_interest', 'clothing_store', 'store', 'establishment']"
89,316,Target,"26 White Bridge Rd, Nashville, TN 37205",36.1312015,-86.854187,"['department_store', 'grocery_or_supermarket', 'electronics_store', 'furniture_store', 'home_goods_store', 'food', 'point_of_interest', 'clothing_store', 'store', 'establishment']"
90,362,Target,"26 White Bridge Rd, Nashville, TN 37205",36.1312015,-86.854187,"['department_store', 'grocery_or_supermarket', 'electronics_store', 'furniture_store', 'home_goods_store', 'food', 'point_of_interest', 'clothing_store', 'store', 'establishment']"
91,397,Target,"26 White Bridge Rd, Nashville, TN 37205",36.1312015,-86.854187,"['department_store', 'grocery_or_supermarket', 'electronics_store', 'furniture_store', 'home_goods_store', 'food', 'point_of_interest', 'clothing_store', 'store', 'establishment']"
92,402,Target,"26 White Bridge Rd, Nashville, TN 37205",36.1312015,-86.854187,"['department_store', 'grocery_or_supermarket', 'electronics_store', 'furniture_store', 'home_goods_store', 'food', 'point_of_interest', 'clothing_store', 'store', 'establishment']"
93,27,Target,"2823 Wilma Rudolph Blvd, Clarksville, TN 37040",36.5863506,-87.292448,"['department_store', 'electronics_store', 'furniture_store', 'home_goods_store', 'point_of_interest', 'clothing_store', 'store', 'establishment']"
94,72,Target,"2823 Wilma Rudolph Blvd, Clarksville, TN 37040",36.5863506,-87.292448,"['department_store', 'electronics_store', 'furniture_store', 'home_goods_store', 'point_of_interest', 'clothing_store', 'store', 'establishment']"
95,141,Target,"2823 Wilma Rudolph Blvd, Clarksville, TN 37040",36.5863506,-87.292448,"['department_store', 'electronics_store', 'furniture_store', 'home_goods_store', 'point_of_interest', 'clothing_store', 'store', 'establishment']"
96,194,Target,"2823 Wilma Rudolph Blvd, Clarksville, TN 37040",36.5863506,-87.292448,"['department_store', 'electronics_store', 'furniture_store', 'home_goods_store', 'point_of_interest', 'clothing_store', 'store', 'establishment']"
97,219,Target,"2823 Wilma Rudolph Blvd, Clarksville, TN 37040",36.5863506,-87.292448,"['department_store', 'electronics_store', 'furniture_store', 'home_goods_store', 'point_of_interest', 'clothing_store', 'store', 'establishment']"
98,254,Target,"2823 Wilma Rudolph Blvd, Clarksville, TN 37040",36.5863506,-87.292448,"['department_store', 'electronics_store', 'furniture_store', 'home_goods_store', 'point_of_interest', 'clothing_store', 'store', 'establishment']"
99,293,Target,"2823 Wilma Rudolph Blvd, Clarksville, TN 37040",36.5863506,-87.292448,"['department_store', 'electronics_store', 'furniture_store', 'home_goods_store', 'point_of_interest', 'clothing_store', 'store', 'establishment']"
100,332,Target,"2823 Wilma Rudolph Blvd, Clarksville, TN 37040",36.5863506,-87.292448,"['department_store', 'electronics_store', 'furniture_store', 'home_goods_store', 'point_of_interest', 'clothing_store', 'store', 'establishment']"
101,381,Target,"2823 Wilma Rudolph Blvd, Clarksville, TN 37040",36.5863506,-87.292448,"['department_store', 'electronics_store', 'furniture_store', 'home_goods_store', 'point_of_interest', 'clothing_store', 'store', 'establishment']"
102,425,Target,"2823 Wilma Rudolph Blvd, Clarksville, TN 37040",36.5863506,-87.292448,"['department_store', 'electronics_store', 'furniture_store', 'home_goods_store', 'point_of_interest', 'clothing_store', 'store', 'establishment']"
103,12,Target,"3064 Columbia Ave, Franklin, TN 37064",35.892735,-86.8811476,"['department_store', 'grocery_or_supermarket', 'electronics_store', 'furniture_store', 'home_goods_store', 'food', 'point_of_interest', 'clothing_store', 'store', 'establishment']"
104,62,Target,"3064 Columbia Ave, Franklin, TN 37064",35.892735,-86.8811476,"['department_store', 'grocery_or_supermarket', 'electronics_store', 'furniture_store', 'home_goods_store', 'food', 'point_of_interest', 'clothing_store', 'store', 'establishment']"
105,120,Target,"3064 Columbia Ave, Franklin, TN 37064",35.892735,-86.8811476,"['department_store', 'grocery_or_supermarket', 'electronics_store', 'furniture_store', 'home_goods_store', 'food', 'point_of_interest', 'clothing_store', 'store', 'establishment']"
106,137,Target,"3064 Columbia Ave, Franklin, TN 37064",35.892735,-86.8811476,"['department_store', 'grocery_or_supermarket', 'electronics_store', 'furniture_store', 'home_goods_store', 'food', 'point_of_interest', 'clothing_store', 'store', 'establishment']"
107,171,Target,"3064 Columbia Ave, Franklin, TN 37064",35.892735,-86.8811476,"['department_store', 'grocery_or_supermarket', 'electronics_store', 'furniture_store', 'home_goods_store', 'food', 'point_of_interest', 'clothing_store', 'store', 'establishment']"
108,188,Target,"3064 Columbia Ave, Franklin, TN 37064",35.892735,-86.8811476,"['department_store', 'grocery_or_supermarket', 'electronics_store', 'furniture_store', 'home_goods_store', 'food', 'point_of_interest', 'clothing_store', 'store', 'establishment']"
109,214,Target,"3064 Columbia Ave, Franklin, TN 37064",35.892735,-86.8811476,"['department_store', 'grocery_or_supermarket', 'electronics_store', 'furniture_store', 'home_goods_store', 'food', 'point_of_interest', 'clothing_store', 'store', 'establishment']"
110,246,Target,"3064 Columbia Ave, Franklin, TN 37064",35.892735,-86.8811476,"['department_store', 'grocery_or_supermarket', 'electronics_store', 'furniture_store', 'home_goods_store', 'food', 'point_of_interest', 'clothing_store', 'store', 'establishment']"
111,280,Target,"3064 Columbia Ave, Franklin, TN 37064",35.892735,-86.8811476,"['department_store', 'grocery_or_supermarket', 'electronics_store', 'furniture_store', 'home_goods_store', 'food', 'point_of_interest', 'clothing_store', 'store', 'establishment']"
112,325,Target,"3064 Columbia Ave, Franklin, TN 37064",35.892735,-86.8811476,"['department_store', 'grocery_or_supermarket', 'electronics_store', 'furniture_store', 'home_goods_store', 'food', 'point_of_interest', 'clothing_store', 'store', 'establishment']"
113,372,Target,"3064 Columbia Ave, Franklin, TN 37064",35.892735,-86.8811476,"['department_store', 'grocery_or_supermarket', 'electronics_store', 'furniture_store', 'home_goods_store', 'food', 'point_of_interest', 'clothing_store', 'store', 'establishment']"
114,411,Target,"3064 Columbia Ave, Franklin, TN 37064",35.892735,-86.8811476,"['department_store', 'grocery_or_supermarket', 'electronics_store', 'furniture_store', 'home_goods_store', 'food', 'point_of_interest', 'clothing_store', 'store', 'establishment']"
115,1,Target,"3171 Lebanon Pike, Nashville, TN 37214",36.1825191,-86.6371711,"['department_store', 'grocery_or_supermarket', 'electronics_store', 'furniture_store', 'home_goods_store', 'food', 'point_of_interest', 'clothing_store', 'store', 'establishment']"
116,48,Target,"3171 Lebanon Pike, Nashville, TN 37214",36.1825191,-86.6371711,"['department_store', 'grocery_or_supermarket', 'electronics_store', 'furniture_store', 'home_goods_store', 'food', 'point_of_interest', 'clothing_store', 'store', 'establishment']"
117,53,Target,"3171 Lebanon Pike, Nashville, TN 37214",36.1825191,-86.6371711,"['department_store', 'grocery_or_supermarket', 'electronics_store', 'furniture_store', 'home_goods_store', 'food', 'point_of_interest', 'clothing_store', 'store', 'establishment']"
118,95,Target,"3171 Lebanon Pike, Nashville, TN 37214",36.1825191,-86.6371711,"['department_store', 'grocery_or_supermarket', 'electronics_store', 'furniture_store', 'home_goods_store', 'food', 'point_of_interest', 'clothing_store', 'store', 'establishment']"
119,104,Target,"3171 Lebanon Pike, Nashville, TN 37214",36.1825191,-86.6371711,"['department_store', 'grocery_or_supermarket', 'electronics_store', 'furniture_store', 'home_goods_store', 'food', 'point_of_interest', 'clothing_store', 'store', 'establishment']"
120,110,Target,"3171 Lebanon Pike, Nashville, TN 37214",36.1825191,-86.6371711,"['department_store', 'grocery_or_supermarket', 'electronics_store', 'furniture_store', 'home_goods_store', 'food', 'point_of_interest', 'clothing_store', 'store', 'establishment']"
121,128,Target,"3171 Lebanon Pike, Nashville, TN 37214",36.1825191,-86.6371711,"['department_store', 'grocery_or_supermarket', 'electronics_store', 'furniture_store', 'home_goods_store', 'food', 'point_of_interest', 'clothing_store', 'store', 'establishment']"
122,163,Target,"3171 Lebanon Pike, Nashville, TN 37214",36.1825191,-86.6371711,"['department_store', 'grocery_or_supermarket', 'electronics_store', 'furniture_store', 'home_goods_store', 'food', 'point_of_interest', 'clothing_store', 'store', 'establishment']"
123,176,Target,"3171 Lebanon Pike, Nashville, TN 37214",36.1825191,-86.6371711,"['department_store', 'grocery_or_supermarket', 'electronics_store', 'furniture_store', 'home_goods_store', 'food', 'point_of_interest', 'clothing_store', 'store', 'establishment']"
124,202,Target,"3171 Lebanon Pike, Nashville, TN 37214",36.1825191,-86.6371711,"['department_store', 'grocery_or_supermarket', 'electronics_store', 'furniture_store', 'home_goods_store', 'food', 'point_of_interest', 'clothing_store', 'store', 'establishment']"
125,235,Target,"3171 Lebanon Pike, Nashville, TN 37214",36.1825191,-86.6371711,"['department_store', 'grocery_or_supermarket', 'electronics_store', 'furniture_store', 'home_goods_store', 'food', 'point_of_interest', 'clothing_store', 'store', 'establishment']"
126,238,Target,"3171 Lebanon Pike, Nashville, TN 37214",36.1825191,-86.6371711,"['department_store', 'grocery_or_supermarket', 'electronics_store', 'furniture_store', 'home_goods_store', 'food', 'point_of_interest', 'clothing_store', 'store', 'establishment']"
127,268,Target,"3171 Lebanon Pike, Nashville, TN 37214",36.1825191,-86.6371711,"['department_store', 'grocery_or_supermarket', 'electronics_store', 'furniture_store', 'home_goods_store', 'food', 'point_of_interest', 'clothing_store', 'store', 'establishment']"
128,277,Target,"3171 Lebanon Pike, Nashville, TN 37214",36.1825191,-86.6371711,"['department_store', 'grocery_or_supermarket', 'electronics_store', 'furniture_store', 'home_goods_store', 'food', 'point_of_interest', 'clothing_store', 'store', 'establishment']"
129,313,Target,"3171 Lebanon Pike, Nashville, TN 37214",36.1825191,-86.6371711,"['department_store', 'grocery_or_supermarket', 'electronics_store', 'furniture_store', 'home_goods_store', 'food', 'point_of_interest', 'clothing_store', 'store', 'establishment']"
130,318,Target,"3171 Lebanon Pike, Nashville, TN 37214",36.1825191,-86.6371711,"['department_store', 'grocery_or_supermarket', 'electronics_store', 'furniture_store', 'home_goods_store', 'food', 'point_of_interest', 'clothing_store', 'store', 'establishment']"
131,361,Target,"3171 Lebanon Pike, Nashville, TN 37214",36.1825191,-86.6371711,"['department_store', 'grocery_or_supermarket', 'electronics_store', 'furniture_store', 'home_goods_store', 'food', 'point_of_interest', 'clothing_store', 'store', 'establishment']"
132,396,Target,"3171 Lebanon Pike, Nashville, TN 37214",36.1825191,-86.6371711,"['department_store', 'grocery_or_supermarket', 'electronics_store', 'furniture_store', 'home_goods_store', 'food', 'point_of_interest', 'clothing_store', 'store', 'establishment']"
133,404,Target,"3171 Lebanon Pike, Nashville, TN 37214",36.1825191,-86.6371711,"['department_store', 'grocery_or_supermarket', 'electronics_store', 'furniture_store', 'home_goods_store', 'food', 'point_of_interest', 'clothing_store', 'store', 'establishment']"
134,5,Target,"401 S Mt Juliet Rd Ste 600, Mt. Juliet, TN 37122",36.1687893,-86.5073827,"['department_store', 'grocery_or_supermarket', 'electronics_store', 'furniture_store', 'home_goods_store', 'food', 'point_of_interest', 'clothing_store', 'store', 'establishment']"
135,61,Target,"401 S Mt Juliet Rd Ste 600, Mt. Juliet, TN 37122",36.1687893,-86.5073827,"['department_store', 'grocery_or_supermarket', 'electronics_store', 'furniture_store', 'home_goods_store', 'food', 'point_of_interest', 'clothing_store', 'store', 'establishment']"
136,101,Target,"401 S Mt Juliet Rd Ste 600, Mt. Juliet, TN 37122",36.1687893,-86.5073827,"['department_store', 'grocery_or_supermarket', 'electronics_store', 'furniture_store', 'home_goods_store', 'food', 'point_of_interest', 'clothing_store', 'store', 'establishment']"
137,107,Target,"401 S Mt Juliet Rd Ste 600, Mt. Juliet, TN 37122",36.1687893,-86.5073827,"['department_store', 'grocery_or_supermarket', 'electronics_store', 'furniture_store', 'home_goods_store', 'food', 'point_of_interest', 'clothing_store', 'store', 'establishment']"
138,121,Target,"401 S Mt Juliet Rd Ste 600, Mt. Juliet, TN 37122",36.1687893,-86.5073827,"['department_store', 'grocery_or_supermarket', 'electronics_store', 'furniture_store', 'home_goods_store', 'food', 'point_of_interest', 'clothing_store', 'store', 'establishment']"
139,129,Target,"401 S Mt Juliet Rd Ste 600, Mt. Juliet, TN 37122",36.1687893,-86.5073827,"['department_store', 'grocery_or_supermarket', 'electronics_store', 'furniture_store', 'home_goods_store', 'food', 'point_of_interest', 'clothing_store', 'store', 'establishment']"
140,178,Target,"401 S Mt Juliet Rd Ste 600, Mt. Juliet, TN 37122",36.1687893,-86.5073827,"['department_store', 'grocery_or_supermarket', 'electronics_store', 'furniture_store', 'home_goods_store', 'food', 'point_of_interest', 'clothing_store', 'store', 'establishment']"
141,205,Target,"401 S Mt Juliet Rd Ste 600, Mt. Juliet, TN 37122",36.1687893,-86.5073827,"['department_store', 'grocery_or_supermarket', 'electronics_store', 'furniture_store', 'home_goods_store', 'food', 'point_of_interest', 'clothing_store', 'store', 'establishment']"
142,247,Target,"401 S Mt Juliet Rd Ste 600, Mt. Juliet, TN 37122",36.1687893,-86.5073827,"['department_store', 'grocery_or_supermarket', 'electronics_store', 'furniture_store', 'home_goods_store', 'food', 'point_of_interest', 'clothing_store', 'store', 'establishment']"
143,273,Target,"401 S Mt Juliet Rd Ste 600, Mt. Juliet, TN 37122",36.1687893,-86.5073827,"['department_store', 'grocery_or_supermarket', 'electronics_store', 'furniture_store', 'home_goods_store', 'food', 'point_of_interest', 'clothing_store', 'store', 'establishment']"
144,281,Target,"401 S Mt Juliet Rd Ste 600, Mt. Juliet, TN 37122",36.1687893,-86.5073827,"['department_store', 'grocery_or_supermarket', 'electronics_store', 'furniture_store', 'home_goods_store', 'food', 'point_of_interest', 'clothing_store', 'store', 'establishment']"
145,326,Target,"401 S Mt Juliet Rd Ste 600, Mt. Juliet, TN 37122",36.1687893,-86.5073827,"['department_store', 'grocery_or_supermarket', 'electronics_store', 'furniture_store', 'home_goods_store', 'food', 'point_of_interest', 'clothing_store', 'store', 'establishment']"
146,369,Target,"401 S Mt Juliet Rd Ste 600, Mt. Juliet, TN 37122",36.1687893,-86.5073827,"['department_store', 'grocery_or_supermarket', 'electronics_store', 'furniture_store', 'home_goods_store', 'food', 'point_of_interest', 'clothing_store', 'store', 'establishment']"
147,407,Target,"401 S Mt Juliet Rd Ste 600, Mt. Juliet, TN 37122",36.1687893,-86.5073827,"['department_store', 'grocery_or_supermarket', 'electronics_store', 'furniture_store', 'home_goods_store', 'food', 'point_of_interest', 'clothing_store', 'store', 'establishment']"
148,3,Target,"6814 Charlotte Pike, Nashville, TN 37209",36.1350966,-86.8914498,"['department_store', 'grocery_or_supermarket', 'electronics_store', 'furniture_store', 'home_goods_store', 'food', 'point_of_interest', 'clothing_store', 'store', 'establishment']"
149,47,Target,"6814 Charlotte Pike, Nashville, TN 37209",36.1350966,-86.8914498,"['department_store', 'grocery_or_supermarket', 'electronics_store', 'furniture_store', 'home_goods_store', 'food', 'point_of_interest', 'clothing_store', 'store', 'establishment']"
150,49,Target,"6814 Charlotte Pike, Nashville, TN 37209",36.1350966,-86.8914498,"['department_store', 'grocery_or_supermarket', 'electronics_store', 'furniture_store', 'home_goods_store', 'food', 'point_of_interest', 'clothing_store', 'store', 'establishment']"
151,52,Target,"6814 Charlotte Pike, Nashville, TN 37209",36.1350966,-86.8914498,"['department_store', 'grocery_or_supermarket', 'electronics_store', 'furniture_store', 'home_goods_store', 'food', 'point_of_interest', 'clothing_store', 'store', 'establishment']"
152,93,Target,"6814 Charlotte Pike, Nashville, TN 37209",36.1350966,-86.8914498,"['department_store', 'grocery_or_supermarket', 'electronics_store', 'furniture_store', 'home_goods_store', 'food', 'point_of_interest', 'clothing_store', 'store', 'establishment']"
153,97,Target,"6814 Charlotte Pike, Nashville, TN 37209",36.1350966,-86.8914498,"['department_store', 'grocery_or_supermarket', 'electronics_store', 'furniture_store', 'home_goods_store', 'food', 'point_of_interest', 'clothing_store', 'store', 'establishment']"
154,105,Target,"6814 Charlotte Pike, Nashville, TN 37209",36.1350966,-86.8914498,"['department_store', 'grocery_or_supermarket', 'electronics_store', 'furniture_store', 'home_goods_store', 'food', 'point_of_interest', 'clothing_store', 'store', 'establishment']"
155,111,Target,"6814 Charlotte Pike, Nashville, TN 37209",36.1350966,-86.8914498,"['department_store', 'grocery_or_supermarket', 'electronics_store', 'furniture_store', 'home_goods_store', 'food', 'point_of_interest', 'clothing_store', 'store', 'establishment']"
156,126,Target,"6814 Charlotte Pike, Nashville, TN 37209",36.1350966,-86.8914498,"['department_store', 'grocery_or_supermarket', 'electronics_store', 'furniture_store', 'home_goods_store', 'food', 'point_of_interest', 'clothing_store', 'store', 'establishment']"
157,161,Target,"6814 Charlotte Pike, Nashville, TN 37209",36.1350966,-86.8914498,"['department_store', 'grocery_or_supermarket', 'electronics_store', 'furniture_store', 'home_goods_store', 'food', 'point_of_interest', 'clothing_store', 'store', 'establishment']"
158,175,Target,"6814 Charlotte Pike, Nashville, TN 37209",36.1350966,-86.8914498,"['department_store', 'grocery_or_supermarket', 'electronics_store', 'furniture_store', 'home_goods_store', 'food', 'point_of_interest', 'clothing_store', 'store', 'establishment']"
159,204,Target,"6814 Charlotte Pike, Nashville, TN 37209",36.1350966,-86.8914498,"['department_store', 'grocery_or_supermarket', 'electronics_store', 'furniture_store', 'home_goods_store', 'food', 'point_of_interest', 'clothing_store', 'store', 'establishment']"
160,234,Target,"6814 Charlotte Pike, Nashville, TN 37209",36.1350966,-86.8914498,"['department_store', 'grocery_or_supermarket', 'electronics_store', 'furniture_store', 'home_goods_store', 'food', 'point_of_interest', 'clothing_store', 'store', 'establishment']"
161,236,Target,"6814 Charlotte Pike, Nashville, TN 37209",36.1350966,-86.8914498,"['department_store', 'grocery_or_supermarket', 'electronics_store', 'furniture_store', 'home_goods_store', 'food', 'point_of_interest', 'clothing_store', 'store', 'establishment']"
162,270,Target,"6814 Charlotte Pike, Nashville, TN 37209",36.1350966,-86.8914498,"['department_store', 'grocery_or_supermarket', 'electronics_store', 'furniture_store', 'home_goods_store', 'food', 'point_of_interest', 'clothing_store', 'store', 'establishment']"
163,276,Target,"6814 Charlotte Pike, Nashville, TN 37209",36.1350966,-86.8914498,"['department_store', 'grocery_or_supermarket', 'electronics_store', 'furniture_store', 'home_goods_store', 'food', 'point_of_interest', 'clothing_store', 'store', 'establishment']"
164,312,Target,"6814 Charlotte Pike, Nashville, TN 37209",36.1350966,-86.8914498,"['department_store', 'grocery_or_supermarket', 'electronics_store', 'furniture_store', 'home_goods_store', 'food', 'point_of_interest', 'clothing_store', 'store', 'establishment']"
165,315,Target,"6814 Charlotte Pike, Nashville, TN 37209",36.1350966,-86.8914498,"['department_store', 'grocery_or_supermarket', 'electronics_store', 'furniture_store', 'home_goods_store', 'food', 'point_of_interest', 'clothing_store', 'store', 'establishment']"
166,317,Target,"6814 Charlotte Pike, Nashville, TN 37209",36.1350966,-86.8914498,"['department_store', 'grocery_or_supermarket', 'electronics_store', 'furniture_store', 'home_goods_store', 'food', 'point_of_interest', 'clothing_store', 'store', 'establishment']"
167,363,Target,"6814 Charlotte Pike, Nashville, TN 37209",36.1350966,-86.8914498,"['department_store', 'grocery_or_supermarket', 'electronics_store', 'furniture_store', 'home_goods_store', 'food', 'point_of_interest', 'clothing_store', 'store', 'establishment']"
168,398,Target,"6814 Charlotte Pike, Nashville, TN 37209",36.1350966,-86.8914498,"['department_store', 'grocery_or_supermarket', 'electronics_store', 'furniture_store', 'home_goods_store', 'food', 'point_of_interest', 'clothing_store', 'store', 'establishment']"
169,403,Target,"6814 Charlotte Pike, Nashville, TN 37209",36.1350966,-86.8914498,"['department_store', 'grocery_or_supermarket', 'electronics_store', 'furniture_store', 'home_goods_store', 'food', 'point_of_interest', 'clothing_store', 'store', 'establishment']"
170,6,Target,"780 Old Hickory Blvd, Brentwood, TN 37027",36.0429515,-86.7786971,"['department_store', 'grocery_or_supermarket', 'electronics_store', 'furniture_store', 'home_goods_store', 'food', 'point_of_interest', 'clothing_store', 'store', 'establishment']"
171,54,Target,"780 Old Hickory Blvd, Brentwood, TN 37027",36.0429515,-86.7786971,"['department_store', 'grocery_or_supermarket', 'electronics_store', 'furniture_store', 'home_goods_store', 'food', 'point_of_interest', 'clothing_store', 'store', 'establishment']"
172,100,Target,"780 Old Hickory Blvd, Brentwood, TN 37027",36.0429515,-86.7786971,"['department_store', 'grocery_or_supermarket', 'electronics_store', 'furniture_store', 'home_goods_store', 'food', 'point_of_interest', 'clothing_store', 'store', 'establishment']"
173,118,Target,"780 Old Hickory Blvd, Brentwood, TN 37027",36.0429515,-86.7786971,"['department_store', 'grocery_or_supermarket', 'electronics_store', 'furniture_store', 'home_goods_store', 'food', 'point_of_interest', 'clothing_store', 'store', 'establishment']"
174,131,Target,"780 Old Hickory Blvd, Brentwood, TN 37027",36.0429515,-86.7786971,"['department_store', 'grocery_or_supermarket', 'electronics_store', 'furniture_store', 'home_goods_store', 'food', 'point_of_interest', 'clothing_store', 'store', 'establishment']"
175,166,Target,"780 Old Hickory Blvd, Brentwood, TN 37027",36.0429515,-86.7786971,"['department_store', 'grocery_or_supermarket', 'electronics_store', 'furniture_store', 'home_goods_store', 'food', 'point_of_interest', 'clothing_store', 'store', 'establishment']"
176,177,Target,"780 Old Hickory Blvd, Brentwood, TN 37027",36.0429515,-86.7786971,"['department_store', 'grocery_or_supermarket', 'electronics_store', 'furniture_store', 'home_goods_store', 'food', 'point_of_interest', 'clothing_store', 'store', 'establishment']"
177,207,Target,"780 Old Hickory Blvd, Brentwood, TN 37027",36.0429515,-86.7786971,"['department_store', 'grocery_or_supermarket', 'electronics_store', 'furniture_store', 'home_goods_store', 'food', 'point_of_interest', 'clothing_store', 'store', 'establishment']"
178,242,Target,"780 Old Hickory Blvd, Brentwood, TN 37027",36.0429515,-86.7786971,"['department_store', 'grocery_or_supermarket', 'electronics_store', 'furniture_store', 'home_goods_store', 'food', 'point_of_interest', 'clothing_store', 'store', 'establishment']"
179,278,Target,"780 Old Hickory Blvd, Brentwood, TN 37027",36.0429515,-86.7786971,"['department_store', 'grocery_or_supermarket', 'electronics_store', 'furniture_store', 'home_goods_store', 'food', 'point_of_interest', 'clothing_store', 'store', 'establishment']"
180,320,Target,"780 Old Hickory Blvd, Brentwood, TN 37027",36.0429515,-86.7786971,"['department_store', 'grocery_or_supermarket', 'electronics_store', 'furniture_store', 'home_goods_store', 'food', 'point_of_interest', 'clothing_store', 'store', 'establishment']"
181,364,Target,"780 Old Hickory Blvd, Brentwood, TN 37027",36.0429515,-86.7786971,"['department_store', 'grocery_or_supermarket', 'electronics_store', 'furniture_store', 'home_goods_store', 'food', 'point_of_interest', 'clothing_store', 'store', 'establishment']"
182,395,Target,"780 Old Hickory Blvd, Brentwood, TN 37027",36.0429515,-86.7786971,"['department_store', 'grocery_or_supermarket', 'electronics_store', 'furniture_store', 'home_goods_store', 'food', 'point_of_interest', 'clothing_store', 'store', 'establishment']"
183,401,Target,"780 Old Hickory Blvd, Brentwood, TN 37027",36.0429515,-86.7786971,"['department_store', 'grocery_or_supermarket', 'electronics_store', 'furniture_store', 'home_goods_store', 'food', 'point_of_interest', 'clothing_store', 'store', 'establishment']"
184,7,Target,"803 Industrial Blvd, Smyrna, TN 37167",35.9798556,-86.5711439,"['department_store', 'grocery_or_supermarket', 'electronics_store', 'furniture_store', 'home_goods_store', 'food', 'point_of_interest', 'clothing_store', 'store', 'establishment']"
185,64,Target,"803 Industrial Blvd, Smyrna, TN 37167",35.9798556,-86.5711439,"['department_store', 'grocery_or_supermarket', 'electronics_store', 'furniture_store', 'home_goods_store', 'food', 'point_of_interest', 'clothing_store', 'store', 'establishment']"
186,124,Target,"803 Industrial Blvd, Smyrna, TN 37167",35.9798556,-86.5711439,"['department_store', 'grocery_or_supermarket', 'electronics_store', 'furniture_store', 'home_goods_store', 'food', 'point_of_interest', 'clothing_store', 'store', 'establishment']"
187,136,Target,"803 Industrial Blvd, Smyrna, TN 37167",35.9798556,-86.5711439,"['department_store', 'grocery_or_supermarket', 'electronics_store', 'furniture_store', 'home_goods_store', 'food', 'point_of_interest', 'clothing_store', 'store', 'establishment']"
188,172,Target,"803 Industrial Blvd, Smyrna, TN 37167",35.9798556,-86.5711439,"['department_store', 'grocery_or_supermarket', 'electronics_store', 'furniture_store', 'home_goods_store', 'food', 'point_of_interest', 'clothing_store', 'store', 'establishment']"
189,180,Target,"803 Industrial Blvd, Smyrna, TN 37167",35.9798556,-86.5711439,"['department_store', 'grocery_or_supermarket', 'electronics_store', 'furniture_store', 'home_goods_store', 'food', 'point_of_interest', 'clothing_store', 'store', 'establishment']"
190,212,Target,"803 Industrial Blvd, Smyrna, TN 37167",35.9798556,-86.5711439,"['department_store', 'grocery_or_supermarket', 'electronics_store', 'furniture_store', 'home_goods_store', 'food', 'point_of_interest', 'clothing_store', 'store', 'establishment']"
191,244,Target,"803 Industrial Blvd, Smyrna, TN 37167",35.9798556,-86.5711439,"['department_store', 'grocery_or_supermarket', 'electronics_store', 'furniture_store', 'home_goods_store', 'food', 'point_of_interest', 'clothing_store', 'store', 'establishment']"
192,272,Target,"803 Industrial Blvd, Smyrna, TN 37167",35.9798556,-86.5711439,"['department_store', 'grocery_or_supermarket', 'electronics_store', 'furniture_store', 'home_goods_store', 'food', 'point_of_interest', 'clothing_store', 'store', 'establishment']"
193,282,Target,"803 Industrial Blvd, Smyrna, TN 37167",35.9798556,-86.5711439,"['department_store', 'grocery_or_supermarket', 'electronics_store', 'furniture_store', 'home_goods_store', 'food', 'point_of_interest', 'clothing_store', 'store', 'establishment']"
194,329,Target,"803 Industrial Blvd, Smyrna, TN 37167",35.9798556,-86.5711439,"['department_store', 'grocery_or_supermarket', 'electronics_store', 'furniture_store', 'home_goods_store', 'food', 'point_of_interest', 'clothing_store', 'store', 'establishment']"
195,367,Target,"803 Industrial Blvd, Smyrna, TN 37167",35.9798556,-86.5711439,"['department_store', 'grocery_or_supermarket', 'electronics_store', 'furniture_store', 'home_goods_store', 'food', 'point_of_interest', 'clothing_store', 'store', 'establishment']"
196,408,Target,"803 Industrial Blvd, Smyrna, TN 37167",35.9798556,-86.5711439,"['department_store', 'grocery_or_supermarket', 'electronics_store', 'furniture_store', 'home_goods_store', 'food', 'point_of_interest', 'clothing_store', 'store', 'establishment']"
