,shop_name,shop_address,shop_lat,shop_lng,types,zip_code
0,ALDI,"615 Gallatin Ave, Nashville, TN 37206",36.1832883,-86.7475518,"['supermarket', 'grocery_or_supermarket', 'food', 'point_of_interest', 'store', 'establishment']",37206
1,ALDI,"135 S. Gallatin Pike, Madison, TN 37115",36.2616696,-86.7115143,"['supermarket', 'grocery_or_supermarket', 'food', 'point_of_interest', 'store', 'establishment']",37115
2,ALDI,"405 American Rd, Nashville, TN 37209",36.1449595,-86.8740361,"['supermarket', 'grocery_or_supermarket', 'food', 'point_of_interest', 'store', 'establishment']",37209
3,ALDI,"3758 Nolensville Pike, Nashville, TN 37211",36.0902874,-86.7323144,"['supermarket', 'grocery_or_supermarket', 'food', 'point_of_interest', 'store', 'establishment']",37211
4,ALDI,"7035 Hwy 70 S, Nashville, TN 37221",36.0750427,-86.917644,"['supermarket', 'grocery_or_supermarket', 'food', 'point_of_interest', 'store', 'establishment']",37221
5,ALDI,"4751 Lebanon Pike, Hermitage, TN 37076",36.2142692,-86.5917351,"['supermarket', 'grocery_or_supermarket', 'food', 'point_of_interest', 'store', 'establishment']",37076
6,ALDI,"217 Indian Lake Blvd #700, Hendersonville, TN 37075",36.3214788,-86.6017281,"['supermarket', 'grocery_or_supermarket', 'food', 'point_of_interest', 'store', 'establishment']",37075
7,ALDI,"1911 Ransom Pl, Nashville, TN 37217",36.088124,-86.6508077,"['supermarket', 'grocery_or_supermarket', 'food', 'point_of_interest', 'store', 'establishment']",37217
8,ALDI,"7117 Southpoint Pkwy, Brentwood, TN 37027",35.994983,-86.68686,"['supermarket', 'grocery_or_supermarket', 'food', 'point_of_interest', 'store', 'establishment']",37027
9,ALDI,"1701 Mallory Ln, Brentwood, TN 37027",35.9660746,-86.8148948,"['supermarket', 'grocery_or_supermarket', 'food', 'point_of_interest', 'store', 'establishment']",37027
10,ALDI,"209 S Royal Oaks Blvd, Franklin, TN 37064",35.9120197,-86.8318444,"['supermarket', 'grocery_or_supermarket', 'food', 'point_of_interest', 'store', 'establishment']",37064
11,ALDI,"571 Village Green Dr, Gallatin, TN 37066",36.3780032,-86.4743124,"['supermarket', 'grocery_or_supermarket', 'food', 'point_of_interest', 'store', 'establishment']",37066
12,ALDI,"4917 Main St, Spring Hill, TN 37174",35.7764173,-86.9174834,"['supermarket', 'grocery_or_supermarket', 'food', 'point_of_interest', 'store', 'establishment']",37174
13,ALDI,"315 N Mt Juliet Rd, Mt. Juliet, TN 37122",36.1761673,-86.5117818,"['supermarket', 'grocery_or_supermarket', 'food', 'point_of_interest', 'store', 'establishment']",37122
14,ALDI,"3438 Tom Austin Hwy, Springfield, TN 37172",36.4868328,-86.8846556,"['supermarket', 'grocery_or_supermarket', 'food', 'point_of_interest', 'store', 'establishment']",37172
15,ALDI,"407 S Lowry St, Smyrna, TN 37167",35.9716343,-86.5078396,"['supermarket', 'grocery_or_supermarket', 'food', 'point_of_interest', 'store', 'establishment']",37167
16,Bi-Rite,"717 25th Ave N, Nashville, TN 37208",36.1594967,-86.8140176,"['grocery_or_supermarket', 'supermarket', 'food', 'point_of_interest', 'store', 'establishment']",37208
17,Bi-Rite,"3116 Belmont Blvd, Nashville, TN 37212",36.117707,-86.7967994,"['supermarket', 'grocery_or_supermarket', 'food', 'point_of_interest', 'store', 'establishment']",37212
18,Bi-Rite,"3302 Nolensville Pike, Nashville, TN 37211",36.1014506,-86.7401198,"['grocery_or_supermarket', 'supermarket', 'food', 'point_of_interest', 'store', 'establishment']",37211
19,Bordeaux Food,"3205 Clarksville Pike, Nashville, TN 37218",36.193048,-86.832462,"['grocery_or_supermarket', 'food', 'point_of_interest', 'store', 'establishment']",37218
20,Food Lion,"3636 Bell Rd, Nashville, TN 37214",36.1504959,-86.6272429,"['grocery_or_supermarket', 'food', 'point_of_interest', 'store', 'establishment']",37214
21,Food Lion,"936 Richards Rd, Antioch, TN 37013",36.0680026,-86.6813001,"['grocery_or_supermarket', 'food', 'point_of_interest', 'store', 'establishment']",37013
22,Food Lion,"471 E Main St, Gallatin, TN 37066",36.3900714,-86.4360845,"['grocery_or_supermarket', 'food', 'point_of_interest', 'store', 'establishment']",37066
23,Food Lion,"314 Frey St, Ashland City, TN 37015",36.2958639,-87.0479983,"['grocery_or_supermarket', 'food', 'point_of_interest', 'store', 'establishment']",37015
24,Food Lion,"304 S Broadway, Portland, TN 37148",36.5787216,-86.5142494,"['grocery_or_supermarket', 'food', 'point_of_interest', 'store', 'establishment']",37148
25,Food Lion,"11459 Old Nashville Hwy, Smyrna, TN 37167",35.9567709,-86.5195602,"['grocery_or_supermarket', 'food', 'point_of_interest', 'store', 'establishment']",37167
26,Food Lion,"5341 Main St, Spring Hill, TN 37174",35.7449949,-86.9404659,"['grocery_or_supermarket', 'food', 'point_of_interest', 'store', 'establishment']",37174
27,Food Lion,"5021 Trotwood Ave Ste 7, Columbia, TN 38401",35.5880896,-87.0977211,"['grocery_or_supermarket', 'supermarket', 'food', 'point_of_interest', 'store', 'establishment']",38401
28,Food Lion,"2304 Madison St, Clarksville, TN 37041",36.5067924,-87.2708227,"['grocery_or_supermarket', 'supermarket', 'food', 'point_of_interest', 'store', 'establishment']",37041
29,Food Lion,"219 Colloredo Blvd, Shelbyville, TN 37160",35.4931018,-86.4683408,"['grocery_or_supermarket', 'food', 'point_of_interest', 'store', 'establishment']",37160
30,Food Lion,"1764 State Hwy 48, Clarksville, TN 37040",36.478286,-87.3773119,"['grocery_or_supermarket', 'food', 'point_of_interest', 'store', 'establishment']",37040
31,Food Lion,"411 W Lincoln St, Tullahoma, TN 37388",35.3573375,-86.2147084,"['grocery_or_supermarket', 'food', 'point_of_interest', 'store', 'establishment']",37388
32,Food Lion,"719 S Congress Blvd, Smithville, TN 37166",35.9530756,-85.8140212,"['grocery_or_supermarket', 'food', 'point_of_interest', 'store', 'establishment']",37166
33,Food Lion,"400 Market Square Plaza, Livingston, TN 38570",36.3964666,-85.3215301,"['grocery_or_supermarket', 'food', 'point_of_interest', 'store', 'establishment']",38570
34,Food Lion,"944 Hillsboro Blvd, Manchester, TN 37355",35.4731239,-86.0797316,"['grocery_or_supermarket', 'food', 'point_of_interest', 'store', 'establishment']",37355
35,Food Lion,"2917 Old Knoxville Hwy, Maryville, TN 37804",35.8017212,-83.9447576,"['grocery_or_supermarket', 'food', 'point_of_interest', 'store', 'establishment']",37804
36,Food Lion,"1707 E Lamar Alexander Pkwy, Maryville, TN 37804",35.7565232,-83.9479709,"['grocery_or_supermarket', 'food', 'point_of_interest', 'store', 'establishment']",37804
37,Food Lion,"1245 E Spring St, Cookeville, TN 38501",36.1530082,-85.4787049,"['grocery_or_supermarket', 'food', 'point_of_interest', 'store', 'establishment']",38501
38,Food Lion,"377 W Jackson St, Cookeville, TN 38501",36.1568999,-85.5154458,"['grocery_or_supermarket', 'food', 'point_of_interest', 'store', 'establishment']",38501
39,H G Hill Food Stores,"3105 Dickerson Pike, Nashville, TN 37207",36.2301425,-86.7577511,"['grocery_or_supermarket', 'supermarket', 'food', 'point_of_interest', 'store', 'establishment']",37207
40,H G Hill Food Stores,"3611 Gallatin Pike, Nashville, TN 37216",36.212632,-86.7325437,"['grocery_or_supermarket', 'food', 'point_of_interest', 'store', 'establishment']",37216
41,H G Hill Food Stores,"212 goodlettsville, Goodlettsville, TN 37072",36.31409,-86.7119371,"['store', 'point_of_interest', 'establishment']",37072
42,H G Hill Food Stores,"2498 Highway 49 East, Pleasant View, TN 37146",36.396843,-87.0314259,"['grocery_or_supermarket', 'supermarket', 'food', 'point_of_interest', 'store', 'establishment']",37146
43,H G Hill Food Stores,"519 Memorial Blvd, Springfield, TN 37172",36.5072985,-86.882437,"['grocery_or_supermarket', 'supermarket', 'food', 'point_of_interest', 'store', 'establishment']",37172
44,H G Hill Food Stores,"200 W Broadway, Gallatin, TN 37066",36.3895785,-86.4513749,"['food', 'point_of_interest', 'establishment']",37066
45,Savi Urban Market,"415 Church St, Nashville, TN 37219",36.1634125,-86.779421,"['grocery_or_supermarket', 'supermarket', 'food', 'point_of_interest', 'store', 'establishment']",37219
47,Kroger,"845 Nashville Pike, Gallatin, TN 37066",36.3779437,-86.4654592,"['grocery_or_supermarket', 'food', 'point_of_interest', 'store', 'establishment']",37066
48,Kroger,"845 Nashville Hwy, Columbia, TN 38401",35.630538,-87.0274602,"['grocery_or_supermarket', 'food', 'point_of_interest', 'store', 'establishment']",38401
49,Kroger,"8141 TN-100, Nashville, TN 37221",36.0433407,-86.9565322,"['grocery_or_supermarket', 'food', 'point_of_interest', 'store', 'establishment']",37221
50,Kroger,"800 Monroe St, Nashville, TN 37208",36.1758803,-86.7942479,"['grocery_or_supermarket', 'food', 'point_of_interest', 'store', 'establishment']",37208
51,Kroger,"711 Gallatin Ave, Nashville, TN 37206",36.1844297,-86.7468566,"['grocery_or_supermarket', 'food', 'point_of_interest', 'store', 'establishment']",37206
52,Kroger,"7087 Hwy 70 S, Nashville, TN 37221",36.0732005,-86.9195872,"['grocery_or_supermarket', 'food', 'point_of_interest', 'store', 'establishment']",37221
53,Kroger,"6690 Nolensville Rd, Brentwood, TN 37027",36.0003267,-86.6913084,"['grocery_or_supermarket', 'food', 'point_of_interest', 'store', 'establishment']",37027
54,Kroger,"61 E Thompson Ln, Nashville, TN 37211",36.1098179,-86.7250687,"['grocery_or_supermarket', 'food', 'point_of_interest', 'store', 'establishment']",37211
55,Kroger,"595 Hillsboro Rd Ste 305, Franklin, TN 37064",35.9329589,-86.8801698,"['grocery_or_supermarket', 'food', 'point_of_interest', 'store', 'establishment']",37064
56,Kroger,"5771 Nolensville Road, Nashville, TN 37211",36.0463947,-86.7152435,"['grocery_or_supermarket', 'food', 'point_of_interest', 'store', 'establishment']",37211
57,Kroger,"5713 Edmondson Pike, Nashville, TN 37211",36.0391811,-86.7454053,"['grocery_or_supermarket', 'food', 'point_of_interest', 'store', 'establishment']",37211
58,Kroger,"5705 Charlotte Pike, Nashville, TN 37209",36.148431,-86.8607612,"['grocery_or_supermarket', 'food', 'point_of_interest', 'store', 'establishment']",37209
59,Kroger,"5544 Old Hickory Blvd, Hermitage, TN 37076",36.1817617,-86.6048615,"['grocery_or_supermarket', 'food', 'point_of_interest', 'store', 'establishment']",37076
60,Kroger,"5319 Mt View Rd, Antioch, TN 37013",36.0496212,-86.6470986,"['grocery_or_supermarket', 'food', 'point_of_interest', 'store', 'establishment']",37013
61,Kroger,"5145 Murfreesboro Rd, La Vergne, TN 37086",36.0217339,-86.5762503,"['grocery_or_supermarket', 'food', 'point_of_interest', 'store', 'establishment']",37086
62,Kroger,"510 TN-76, White House, TN 37188",36.4701864,-86.6661961,"['grocery_or_supermarket', 'food', 'point_of_interest', 'store', 'establishment']",37188
63,Kroger,"4900 Port Royal Rd, Spring Hill, TN 37174",35.741484,-86.8921556,"['grocery_or_supermarket', 'food', 'point_of_interest', 'store', 'establishment']",37174
64,Kroger,"4726 Traders Way, Thompson's Station, TN 37179",35.7846179,-86.914911,"['grocery_or_supermarket', 'food', 'point_of_interest', 'store', 'establishment']",37179
65,Kroger,"463 Sam Ridley Pkwy W, Smyrna, TN 37167",35.9832525,-86.5511717,"['grocery_or_supermarket', 'food', 'point_of_interest', 'store', 'establishment']",37167
66,Kroger,"4560 Harding Pike, Nashville, TN 37205",36.1239257,-86.850561,"['grocery_or_supermarket', 'food', 'point_of_interest', 'store', 'establishment']",37205
67,Kroger,"4432 Veterans Pkwy, Murfreesboro, TN 37128",35.8448042,-86.4921581,"['grocery_or_supermarket', 'food', 'point_of_interest', 'store', 'establishment']",37128
68,Kroger,"4400 Lebanon Pike, Hermitage, TN 37076",36.216449,-86.6039243,"['grocery_or_supermarket', 'food', 'point_of_interest', 'store', 'establishment']",37076
69,Kroger,"4120 N Mt Juliet Rd, Mt. Juliet, TN 37122",36.2293153,-86.5164113,"['grocery_or_supermarket', 'food', 'point_of_interest', 'store', 'establishment']",37122
70,Kroger,"411 Whitman Rd, Franklin, TN 37064",35.9289078,-86.9184869,"['grocery_or_supermarket', 'food', 'point_of_interest', 'store', 'establishment']",37064
71,Kroger,"401 S Mt Juliet Rd Ste 200, Mt. Juliet, TN 37122",36.1648024,-86.5119746,"['grocery_or_supermarket', 'food', 'point_of_interest', 'store', 'establishment']",37122
72,Kroger,"3930 Clarksville Pike, Nashville, TN 37218",36.2098477,-86.837724,"['grocery_or_supermarket', 'food', 'point_of_interest', 'store', 'establishment']",37218
73,Kroger,"3410 Gallatin Pike, Nashville, TN 37216",36.2101364,-86.7316648,"['grocery_or_supermarket', 'food', 'point_of_interest', 'store', 'establishment']",37216
74,Kroger,"3054 Columbia Ave, Franklin, TN 37064",35.8936788,-86.8809852,"['grocery_or_supermarket', 'food', 'point_of_interest', 'store', 'establishment']",37064
75,Kroger,"301 S Ellington Pkwy, Lewisburg, TN 37091",35.4432705,-86.7731734,"['grocery_or_supermarket', 'food', 'point_of_interest', 'store', 'establishment']",37091
76,Kroger,"2946 S Church St, Murfreesboro, TN 37127",35.7905929,-86.4018891,"['grocery_or_supermarket', 'food', 'point_of_interest', 'store', 'establishment']",37127
77,Kroger,"2615 Franklin Pike, Nashville, TN 37204",36.1199446,-86.7771798,"['grocery_or_supermarket', 'food', 'point_of_interest', 'store', 'establishment']",37204
78,Kroger,"2613 8th Ave S, Nashville, TN 37204",36.1200139,-86.7776125,"['bakery', 'food', 'point_of_interest', 'store', 'establishment']",37204
79,Kroger,"2600 Memorial Blvd, Springfield, TN 37172",36.488441,-86.8633975,"['grocery_or_supermarket', 'food', 'point_of_interest', 'store', 'establishment']",37172
80,Kroger,"2449 Old Fort Pkwy, Murfreesboro, TN 37128",35.843471,-86.4418191,"['grocery_or_supermarket', 'food', 'point_of_interest', 'store', 'establishment']",37128
81,Kroger,"237 E Main St, Hendersonville, TN 37075",36.3078554,-86.6010607,"['grocery_or_supermarket', 'supermarket', 'food', 'point_of_interest', 'store', 'establishment']",37075
82,Kroger,"2325 Memorial Blvd, Murfreesboro, TN 37129",35.8865819,-86.3839127,"['grocery_or_supermarket', 'food', 'point_of_interest', 'store', 'establishment']",37129
83,Kroger,"2284 Murfreesboro Pike, Nashville, TN 37217",36.088656,-86.6471543,"['grocery_or_supermarket', 'food', 'point_of_interest', 'store', 'establishment']",37217
84,Kroger,"2218 Bandywood Dr, Nashville, TN 37215",36.1051666,-86.8183197,"['food', 'point_of_interest', 'establishment']",37215
85,Kroger,"2201 21st Ave S, Nashville, TN 37212",36.1301887,-86.8026109,"['grocery_or_supermarket', 'food', 'point_of_interest', 'store', 'establishment']",37212
86,Kroger,"2131 Abbott Martin Rd, Nashville, TN 37215",36.1056803,-86.8184638,"['grocery_or_supermarket', 'food', 'point_of_interest', 'store', 'establishment']",37215
87,Kroger,"210 Franklin Rd Suite 100, Brentwood, TN 37027",36.0319041,-86.7873814,"['grocery_or_supermarket', 'food', 'point_of_interest', 'store', 'establishment']",37027
88,Kroger,"2050 Lascassas Pike, Murfreesboro, TN 37130",35.8728316,-86.3522661,"['grocery_or_supermarket', 'food', 'point_of_interest', 'store', 'establishment']",37130
89,Kroger,"2020 Mallory Ln, Franklin, TN 37067",35.9506927,-86.8165173,"['grocery_or_supermarket', 'food', 'point_of_interest', 'store', 'establishment']",37067
90,Kroger,"2011 Nashville Pike, Gallatin, TN 37066",36.3436494,-86.5258017,"['grocery_or_supermarket', 'food', 'point_of_interest', 'store', 'establishment']",37066
91,Kroger,"200 Gallatin Pike S, Madison, TN 37115",36.2619921,-86.7141247,"['grocery_or_supermarket', 'food', 'point_of_interest', 'store', 'establishment']",37115
92,Kroger,"1776 W Northfield Blvd, Murfreesboro, TN 37129",35.8713924,-86.4156239,"['grocery_or_supermarket', 'food', 'point_of_interest', 'store', 'establishment']",37129
93,Kroger,"1489 Madison St, Clarksville, TN 37040",36.5208536,-87.3298786,"['grocery_or_supermarket', 'food', 'point_of_interest', 'store', 'establishment']",37040
94,Kroger,"143 McGavock Pk, Nashville, TN 37214",36.1708586,-86.6787306,"['grocery_or_supermarket', 'food', 'point_of_interest', 'store', 'establishment']",37214
95,Kroger,"143 Henslee Dr, Dickson, TN 37055",36.0771202,-87.3715843,"['grocery_or_supermarket', 'food', 'point_of_interest', 'store', 'establishment']",37055
96,Kroger,"1418 W Main St A, Lebanon, TN 37087",36.2144627,-86.3309403,"['grocery_or_supermarket', 'food', 'point_of_interest', 'store', 'establishment']",37087
97,Kroger,"123 Northcreek Blvd, Goodlettsville, TN 37072",36.3264684,-86.6986158,"['grocery_or_supermarket', 'food', 'point_of_interest', 'store', 'establishment']",37072
98,Kroger,"1203 Murfreesboro Rd, Franklin, TN 37064",35.9174069,-86.8313823,"['grocery_or_supermarket', 'food', 'point_of_interest', 'store', 'establishment']",37064
99,Kroger,"1202 S James Campbell Blvd, Columbia, TN 38401",35.6015745,-87.0621127,"['grocery_or_supermarket', 'food', 'point_of_interest', 'store', 'establishment']",38401
100,Kroger,"110 Dover Crossing Rd, Clarksville, TN 37042",36.552897,-87.3979092,"['grocery_or_supermarket', 'food', 'point_of_interest', 'store', 'establishment']",37042
101,Kroger,"1010 Glenbrook Way, Hendersonville, TN 37075",36.3334992,-86.621104,"['grocery_or_supermarket', 'food', 'point_of_interest', 'store', 'establishment']",37075
102,Piggly Wiggly,"1412 Trotwood Ave, Columbia, TN 38401",35.5998942,-87.0780041,"['grocery_or_supermarket', 'supermarket', 'food', 'point_of_interest', 'store', 'establishment']",38401
103,Piggly Wiggly,"1439 Robinson Rd, Old Hickory, TN 37138",36.2563463,-86.6536169,"['grocery_or_supermarket', 'food', 'point_of_interest', 'store', 'establishment']",37138
104,Piggly Wiggly,"2317 Dickerson Pike, Nashville, TN 37207",36.2077791,-86.7670228,"['grocery_or_supermarket', 'supermarket', 'food', 'point_of_interest', 'store', 'establishment']",37207
105,Piggly Wiggly,"2900 West End Ave, Nashville, TN 37203",36.1445892,-86.8136,"['grocery_or_supermarket', 'supermarket', 'food', 'point_of_interest', 'store', 'establishment']",37203
106,Piggly Wiggly,"7838 TN-25, Cross Plains, TN 37049",36.5485619,-86.6942559,"['supermarket', 'grocery_or_supermarket', 'food', 'point_of_interest', 'store', 'establishment']",37049
107,Publix,"7604 Hwy 70 S, Nashville, TN 37221",36.0784138,-86.9455024,"['supermarket', 'florist', 'bakery', 'grocery_or_supermarket', 'liquor_store', 'food', 'point_of_interest', 'store', 'establishment']",37221
108,Publix,"5021 Hughes Crossing, Franklin, TN 37064",35.8637214,-86.8431527,"['supermarket', 'florist', 'bakery', 'grocery_or_supermarket', 'liquor_store', 'food', 'point_of_interest', 'store', 'establishment']",37064
109,Publix,"7014 City Center Way, Fairview, TN 37062",35.9735081,-87.1311932,"['supermarket', 'florist', 'bakery', 'grocery_or_supermarket', 'liquor_store', 'food', 'point_of_interest', 'store', 'establishment']",37062
110,Publix,"460 Long Hollow Pike, Goodlettsville, TN 37072",36.3314801,-86.6991601,"['supermarket', 'florist', 'bakery', 'grocery_or_supermarket', 'liquor_store', 'food', 'point_of_interest', 'store', 'establishment']",37072
111,Publix,"1010 Dr Martin L King Jr Blvd, Nashville, TN 37203",36.1630486,-86.7903632,"['supermarket', 'florist', 'bakery', 'grocery_or_supermarket', 'liquor_store', 'food', 'point_of_interest', 'store', 'establishment']",37203
112,Publix,"10638 Concord Rd, Brentwood, TN 37027",35.997094,-86.6918485,"['supermarket', 'florist', 'bakery', 'grocery_or_supermarket', 'liquor_store', 'food', 'point_of_interest', 'store', 'establishment']",37027
113,Publix,"8105 Moores Ln, Brentwood, TN 37027",35.9635575,-86.8024231,"['supermarket', 'florist', 'bakery', 'grocery_or_supermarket', 'liquor_store', 'food', 'point_of_interest', 'store', 'establishment']",37027
114,Publix,"1021 Riverside Dr, Franklin, TN 37064",35.9124494,-86.8283482,"['supermarket', 'florist', 'bakery', 'grocery_or_supermarket', 'liquor_store', 'food', 'point_of_interest', 'store', 'establishment']",37064
115,Publix,"1483 Nashville Pike, Gallatin, TN 37066",36.359568,-86.4956617,"['supermarket', 'florist', 'bakery', 'grocery_or_supermarket', 'liquor_store', 'food', 'point_of_interest', 'store', 'establishment']",37066
116,Publix,"8028 TN-100, Nashville, TN 37221",36.047101,-86.9522529,"['supermarket', 'florist', 'bakery', 'grocery_or_supermarket', 'liquor_store', 'food', 'point_of_interest', 'store', 'establishment']",37221
117,Publix,"2020 Fieldstone Pkwy, Franklin, TN 37069",35.9645581,-86.883007,"['supermarket', 'florist', 'bakery', 'grocery_or_supermarket', 'liquor_store', 'food', 'point_of_interest', 'store', 'establishment']",37069
118,Publix,"445 TN-109, Lebanon, TN 37090",36.19036,-86.4099556,"['supermarket', 'florist', 'bakery', 'grocery_or_supermarket', 'liquor_store', 'food', 'point_of_interest', 'store', 'establishment']",37090
119,Publix,"4324 Harding Pike, Nashville, TN 37205",36.1267422,-86.8475419,"['supermarket', 'florist', 'bakery', 'grocery_or_supermarket', 'liquor_store', 'food', 'point_of_interest', 'store', 'establishment']",37205
120,Publix,"6614 Charlotte Pike, Nashville, TN 37209",36.1401562,-86.8829001,"['supermarket', 'florist', 'bakery', 'grocery_or_supermarket', 'liquor_store', 'food', 'point_of_interest', 'store', 'establishment']",37209
121,Publix,"1111 Gallatin Ave, Nashville, TN 37206",36.1898456,-86.7449475,"['supermarket', 'florist', 'bakery', 'grocery_or_supermarket', 'liquor_store', 'food', 'point_of_interest', 'store', 'establishment']",37206
122,Publix,"110 Indian Lake Blvd, Hendersonville, TN 37075",36.3101986,-86.6051567,"['supermarket', 'florist', 'bakery', 'grocery_or_supermarket', 'liquor_store', 'food', 'point_of_interest', 'store', 'establishment']",37075
123,Publix,"1731 S Rutherford Blvd Ste S, Murfreesboro, TN 37130",35.8133198,-86.3683839,"['supermarket', 'florist', 'bakery', 'grocery_or_supermarket', 'liquor_store', 'food', 'point_of_interest', 'store', 'establishment']",37130
124,Publix,"1703 W Main St, Lebanon, TN 37087",36.2234945,-86.3452181,"['supermarket', 'florist', 'bakery', 'grocery_or_supermarket', 'liquor_store', 'food', 'point_of_interest', 'store', 'establishment']",37087
125,Publix,"1771 Madison St, Clarksville, TN 37043",36.5156643,-87.313208,"['supermarket', 'florist', 'bakery', 'grocery_or_supermarket', 'liquor_store', 'food', 'point_of_interest', 'store', 'establishment']",37043
126,Publix,"2650 New Salem Hwy, Murfreesboro, TN 37128",35.8126875,-86.4577604,"['supermarket', 'florist', 'bakery', 'grocery_or_supermarket', 'liquor_store', 'food', 'point_of_interest', 'store', 'establishment']",37128
127,Publix,"4175 Franklin Rd, Murfreesboro, TN 37128",35.8420116,-86.4718887,"['supermarket', 'florist', 'bakery', 'grocery_or_supermarket', 'liquor_store', 'food', 'point_of_interest', 'store', 'establishment']",37128
128,Publix,"101 Creekside Crossing, Brentwood, TN 37027",36.0369124,-86.7988518,"['supermarket', 'florist', 'bakery', 'grocery_or_supermarket', 'liquor_store', 'food', 'point_of_interest', 'store', 'establishment']",37027
129,Publix,"1400 Liberty Pike Ste 200 Ste 200, Franklin, TN 37067",35.9247987,-86.7957284,"['supermarket', 'florist', 'bakery', 'grocery_or_supermarket', 'liquor_store', 'food', 'point_of_interest', 'store', 'establishment']",37067
130,Publix,"2223 8th Ave S, Nashville, TN 37204",36.1285944,-86.7784628,"['supermarket', 'florist', 'bakery', 'grocery_or_supermarket', 'liquor_store', 'food', 'point_of_interest', 'store', 'establishment']",37204
131,Publix,"11207 Lebanon Rd, Mt. Juliet, TN 37122",36.2329763,-86.5144343,"['supermarket', 'florist', 'bakery', 'grocery_or_supermarket', 'liquor_store', 'food', 'point_of_interest', 'store', 'establishment']",37122
132,Publix,"3532 Murfreesboro Pike, Antioch, TN 37013",36.0533912,-86.6149279,"['supermarket', 'florist', 'bakery', 'grocery_or_supermarket', 'liquor_store', 'food', 'point_of_interest', 'store', 'establishment']",37013
133,Publix,"1931 Long Hollow Pike, Gallatin, TN 37066",36.3815152,-86.5519225,"['supermarket', 'florist', 'bakery', 'grocery_or_supermarket', 'liquor_store', 'food', 'point_of_interest', 'store', 'establishment']",37066
134,Publix,"15544 Old Hickory Blvd, Nashville, TN 37211",36.0410272,-86.7414412,"['supermarket', 'florist', 'bakery', 'grocery_or_supermarket', 'liquor_store', 'food', 'point_of_interest', 'store', 'establishment']",37211
135,Publix,"3415 Memorial Blvd, Murfreesboro, TN 37129",35.9121189,-86.3860907,"['supermarket', 'florist', 'bakery', 'grocery_or_supermarket', 'liquor_store', 'food', 'point_of_interest', 'store', 'establishment']",37129
136,Publix,"1600 N Jackson St Ste 340, Tullahoma, TN 37388",35.3801936,-86.226466,"['supermarket', 'florist', 'bakery', 'grocery_or_supermarket', 'liquor_store', 'food', 'point_of_interest', 'store', 'establishment']",37388
137,Publix,"4670 Lebanon Pike, Hermitage, TN 37076",36.2172539,-86.5933773,"['supermarket', 'florist', 'bakery', 'grocery_or_supermarket', 'liquor_store', 'food', 'point_of_interest', 'store', 'establishment']",37076
138,Publix,"661 President Pl, Smyrna, TN 37167",35.9798872,-86.5549574,"['supermarket', 'florist', 'bakery', 'grocery_or_supermarket', 'liquor_store', 'food', 'point_of_interest', 'store', 'establishment']",37167
139,Publix,"665 S Mt Juliet Rd, Mt. Juliet, TN 37122",36.1612828,-86.5125172,"['supermarket', 'florist', 'bakery', 'grocery_or_supermarket', 'liquor_store', 'food', 'point_of_interest', 'store', 'establishment']",37122
140,Publix,"920 TN-76, Clarksville, TN 37043",36.5231503,-87.2344175,"['supermarket', 'florist', 'bakery', 'grocery_or_supermarket', 'liquor_store', 'food', 'point_of_interest', 'store', 'establishment']",37043
141,Publix,"1490 Tiny Town Rd, Clarksville, TN 37042",36.6252372,-87.3725603,"['supermarket', 'florist', 'bakery', 'grocery_or_supermarket', 'liquor_store', 'food', 'point_of_interest', 'store', 'establishment']",37042
142,Publix,"4935 Main St, Spring Hill, TN 37174",35.7750105,-86.9182487,"['supermarket', 'florist', 'bakery', 'grocery_or_supermarket', 'liquor_store', 'food', 'point_of_interest', 'store', 'establishment']",37174
143,Publix,"2324 Lebanon Pike, Nashville, TN 37214",36.1707831,-86.6839987,"['supermarket', 'florist', 'bakery', 'grocery_or_supermarket', 'liquor_store', 'food', 'point_of_interest', 'store', 'establishment']",37214
144,Publix,"1265 Interstate Dr Ste 111, Cookeville, TN 38501",36.1411814,-85.5107306,"['supermarket', 'florist', 'bakery', 'grocery_or_supermarket', 'liquor_store', 'food', 'point_of_interest', 'store', 'establishment']",38501
145,Publix,"211 Maharris Dr, Gallatin, TN 37066",36.3647079,-86.4424923,"['supermarket', 'florist', 'bakery', 'grocery_or_supermarket', 'liquor_store', 'food', 'point_of_interest', 'store', 'establishment']",37066
146,Publix,"1640 Lee Victory Pkwy, Smyrna, TN 37167",35.9414733,-86.5275679,"['supermarket', 'florist', 'bakery', 'grocery_or_supermarket', 'liquor_store', 'food', 'point_of_interest', 'store', 'establishment']",37167
147,Uptown Fruit Market,"1431 Dickerson Pike, Nashville, TN 37207",36.1999223,-86.7696038,"['grocery_or_supermarket', 'finance', 'restaurant', 'food', 'point_of_interest', 'store', 'establishment']",37207
148,Save A Lot,"1134 Gallatin Pike S, Nashville, TN 37115",36.2505921,-86.7208547,"['grocery_or_supermarket', 'supermarket', 'food', 'point_of_interest', 'store', 'establishment']",37115
149,Save A Lot,"2400 Clarksville Pike, Nashville, TN 37208",36.1853833,-86.8159932,"['grocery_or_supermarket', 'supermarket', 'food', 'point_of_interest', 'store', 'establishment']",37208
150,Save A Lot,"1113 Murfreesboro Pike, Nashville, TN 37217",36.1257545,-86.7109041,"['grocery_or_supermarket', 'supermarket', 'food', 'point_of_interest', 'store', 'establishment']",37217
151,Save A Lot,"351 E Main St, Gallatin, TN 37066",36.3897155,-86.4392112,"['grocery_or_supermarket', 'supermarket', 'food', 'point_of_interest', 'store', 'establishment']",37066
152,Save A Lot,"5154 Murfreesboro Rd, La Vergne, TN 37086",36.0193371,-86.5767419,"['grocery_or_supermarket', 'supermarket', 'food', 'point_of_interest', 'store', 'establishment']",37086
153,Save A Lot,"2622 Gallatin Pike E, Nashville, TN 37216",36.1978804,-86.7407378,"['grocery_or_supermarket', 'food', 'point_of_interest', 'store', 'establishment']",37216
154,Save A Lot,"5350 Mt View Rd, Antioch, TN 37013",36.0466808,-86.6493797,"['grocery_or_supermarket', 'food', 'point_of_interest', 'store', 'establishment']",37013
155,Save A Lot,"5404 Charlotte Ave, Nashville, TN 37209",36.1521777,-86.8538342,"['grocery_or_supermarket', 'supermarket', 'food', 'point_of_interest', 'store', 'establishment']",37209
156,Save A Lot,"415 Hwy 52 E, Lafayette, TN 37083",36.519162,-86.0152696,"['grocery_or_supermarket', 'supermarket', 'food', 'point_of_interest', 'store', 'establishment']",37083
157,Save A Lot,"750 Jessica St, Murfreesboro, TN 37130",35.8335017,-86.3772475,"['grocery_or_supermarket', 'supermarket', 'food', 'point_of_interest', 'store', 'establishment']",37130
158,Save A Lot,"11225 S Main St, Tennessee Ridge, TN 37178",36.3104159,-87.7739119,"['grocery_or_supermarket', 'supermarket', 'food', 'point_of_interest', 'store', 'establishment']",37178
159,Save A Lot,"112 E James Campbell Blvd, Columbia, TN 38401",35.5880857,-87.0386128,"['grocery_or_supermarket', 'supermarket', 'food', 'point_of_interest', 'store', 'establishment']",38401
160,Save A Lot,"15391 TN-111, Spencer, TN 38585",35.7485504,-85.4579442,"['grocery_or_supermarket', 'supermarket', 'food', 'point_of_interest', 'store', 'establishment']",38585
161,Save A Lot,"700 TN-100, Centerville, TN 37033",35.7981363,-87.4366294,"['grocery_or_supermarket', 'supermarket', 'food', 'point_of_interest', 'store', 'establishment']",37033
162,Save A Lot,"1608 N Locust Ave Ste A, Lawrenceburg, TN 38464",35.259984,-87.3227866,"['grocery_or_supermarket', 'supermarket', 'food', 'point_of_interest', 'store', 'establishment']",38464
163,Save A Lot,"509 S Congress Blvd, Smithville, TN 37166",35.9559727,-85.812342,"['grocery_or_supermarket', 'supermarket', 'food', 'point_of_interest', 'store', 'establishment']",37166
164,Save A Lot,"840 Main St, Tracy City, TN 37387",35.2577726,-85.7253987,"['grocery_or_supermarket', 'supermarket', 'food', 'point_of_interest', 'store', 'establishment']",37387
165,Save A Lot,"225 Water St, Savannah, TN 38372",35.2215509,-88.2454304,"['grocery_or_supermarket', 'supermarket', 'food', 'point_of_interest', 'store', 'establishment']",38372
166,Save A Lot,"1224 Hillsboro Blvd, Manchester, TN 37355",35.470995,-86.0764875,"['grocery_or_supermarket', 'supermarket', 'food', 'point_of_interest', 'store', 'establishment']",37355
167,Save A Lot,"442 TN-8 A, Dunlap, TN 37327",35.3990076,-85.3806761,"['grocery_or_supermarket', 'supermarket', 'food', 'point_of_interest', 'store', 'establishment']",37327
168,Save A Lot,"231 Northgate Dr Ste 216, McMinnville, TN 37110",35.7000344,-85.7824381,"['grocery_or_supermarket', 'supermarket', 'food', 'point_of_interest', 'store', 'establishment']",37110
169,Target,"1004 Andrews Run, Hendersonville, TN 37075",36.3344444,-86.6252778,"['department_store', 'grocery_or_supermarket', 'electronics_store', 'furniture_store', 'home_goods_store', 'food', 'point_of_interest', 'clothing_store', 'store', 'establishment']",37075
170,Target,"1033 Crossings Blvd, Spring Hill, TN 37174",35.7413853,-86.9372836,"['department_store', 'grocery_or_supermarket', 'electronics_store', 'furniture_store', 'home_goods_store', 'food', 'point_of_interest', 'clothing_store', 'store', 'establishment']",37174
171,Target,"160 American Ave, Bowling Green, KY 42104",36.9489775,-86.4356534,"['department_store', 'electronics_store', 'furniture_store', 'home_goods_store', 'point_of_interest', 'clothing_store', 'store', 'establishment']",42104
172,Target,"1701 Galleria Blvd, Franklin, TN 37067",35.9660895,-86.8127669,"['department_store', 'grocery_or_supermarket', 'electronics_store', 'furniture_store', 'home_goods_store', 'food', 'point_of_interest', 'clothing_store', 'store', 'establishment']",37067
173,Target,"1851 Old Fort Pkwy, Murfreesboro, TN 37129",35.8433561,-86.425899,"['department_store', 'grocery_or_supermarket', 'electronics_store', 'furniture_store', 'home_goods_store', 'food', 'point_of_interest', 'clothing_store', 'store', 'establishment']",37129
174,Target,"2021 Walnut St, Cary, NC 27518",35.7574811,-78.7379239,"['department_store', 'grocery_or_supermarket', 'electronics_store', 'furniture_store', 'home_goods_store', 'food', 'point_of_interest', 'clothing_store', 'store', 'establishment']",27518
175,Target,"2050 Gallatin Ave N, Madison, TN 37115",36.3046064,-86.6941538,"['department_store', 'electronics_store', 'furniture_store', 'home_goods_store', 'point_of_interest', 'clothing_store', 'store', 'establishment']",37115
176,Target,"26 White Bridge Rd, Nashville, TN 37205",36.1312015,-86.854187,"['department_store', 'grocery_or_supermarket', 'electronics_store', 'furniture_store', 'home_goods_store', 'food', 'point_of_interest', 'clothing_store', 'store', 'establishment']",37205
177,Target,"2823 Wilma Rudolph Blvd, Clarksville, TN 37040",36.5863506,-87.292448,"['department_store', 'electronics_store', 'furniture_store', 'home_goods_store', 'point_of_interest', 'clothing_store', 'store', 'establishment']",37040
178,Target,"3064 Columbia Ave, Franklin, TN 37064",35.892735,-86.8811476,"['department_store', 'grocery_or_supermarket', 'electronics_store', 'furniture_store', 'home_goods_store', 'food', 'point_of_interest', 'clothing_store', 'store', 'establishment']",37064
179,Target,"3171 Lebanon Pike, Nashville, TN 37214",36.1825191,-86.6371711,"['department_store', 'grocery_or_supermarket', 'electronics_store', 'furniture_store', 'home_goods_store', 'food', 'point_of_interest', 'clothing_store', 'store', 'establishment']",37214
180,Target,"401 S Mt Juliet Rd Ste 600, Mt. Juliet, TN 37122",36.1687893,-86.5073827,"['department_store', 'grocery_or_supermarket', 'electronics_store', 'furniture_store', 'home_goods_store', 'food', 'point_of_interest', 'clothing_store', 'store', 'establishment']",37122
181,Target,"6814 Charlotte Pike, Nashville, TN 37209",36.1350966,-86.8914498,"['department_store', 'grocery_or_supermarket', 'electronics_store', 'furniture_store', 'home_goods_store', 'food', 'point_of_interest', 'clothing_store', 'store', 'establishment']",37209
182,Target,"780 Old Hickory Blvd, Brentwood, TN 37027",36.0429515,-86.7786971,"['department_store', 'grocery_or_supermarket', 'electronics_store', 'furniture_store', 'home_goods_store', 'food', 'point_of_interest', 'clothing_store', 'store', 'establishment']",37027
183,Target,"803 Industrial Blvd, Smyrna, TN 37167",35.9798556,-86.5711439,"['department_store', 'grocery_or_supermarket', 'electronics_store', 'furniture_store', 'home_goods_store', 'food', 'point_of_interest', 'clothing_store', 'store', 'establishment']",37167
184,Trader Joe's,"90 White Bridge Rd, Nashville, TN 37205",36.1307261,-86.852227,"['grocery_or_supermarket', 'florist', 'supermarket', 'liquor_store', 'food', 'health', 'point_of_interest', 'store', 'establishment']",37205
185,Trader Joe's,"3909 Hillsboro Pike, Nashville, TN 37215",36.1050835,-86.815626,"['grocery_or_supermarket', 'florist', 'supermarket', 'liquor_store', 'food', 'health', 'point_of_interest', 'store', 'establishment']",37215
186,Trader Joe's,"545 Cool Springs Blvd, Franklin, TN 37067",35.9492541,-86.8217728,"['grocery_or_supermarket', 'florist', 'supermarket', 'liquor_store', 'food', 'health', 'point_of_interest', 'store', 'establishment']",37067
187,The Turnip Truck,"321 12th Ave S, Nashville, TN 37203",36.1527599,-86.7854587,"['grocery_or_supermarket', 'food', 'health', 'point_of_interest', 'store', 'establishment']",37203
188,The Turnip Truck,"5001 Charlotte Ave, Nashville, TN 37209",36.1518346,-86.8474861,"['grocery_or_supermarket', 'food', 'health', 'point_of_interest', 'store', 'establishment']",37209
189,The Turnip Truck,"701 Woodland St, Nashville, TN 37206",36.1738247,-86.7600158,"['grocery_or_supermarket', 'food', 'health', 'point_of_interest', 'store', 'establishment']",37206
190,Walmart,"2421 Powell Ave, Nashville, TN 37204",36.110974,-86.7694458,"['department_store', 'point_of_interest', 'store', 'establishment']",37204
191,Walmart,"109 Gallatin Pike N, Madison, TN 37115",36.2639405,-86.7140491,"['supermarket', 'department_store', 'bakery', 'grocery_or_supermarket', 'food', 'point_of_interest', 'store', 'establishment']",37115
192,Walmart,"5531 Edmondson Pike, Nashville, TN 37211",36.0421931,-86.7456447,"['supermarket', 'department_store', 'bakery', 'grocery_or_supermarket', 'food', 'point_of_interest', 'store', 'establishment']",37211
193,Walmart,"1112 Nashville Pike, Gallatin, TN 37066",36.3769631,-86.4759008,"['department_store', 'hardware_store', 'bakery', 'grocery_or_supermarket', 'electronics_store', 'furniture_store', 'home_goods_store', 'food', 'point_of_interest', 'clothing_store', 'store', 'establishment']",37066
194,Walmart,"1201 Morgantown Rd, Bowling Green, KY 42101",36.9866348,-86.4840175,"['department_store', 'hardware_store', 'bakery', 'grocery_or_supermarket', 'electronics_store', 'furniture_store', 'home_goods_store', 'food', 'point_of_interest', 'clothing_store', 'store', 'establishment']",42101
195,Walmart,"125 Myers St, Carthage, TN 37030",36.2456246,-85.9391003,"['department_store', 'hardware_store', 'bakery', 'grocery_or_supermarket', 'electronics_store', 'furniture_store', 'home_goods_store', 'food', 'point_of_interest', 'clothing_store', 'store', 'establishment']",37030
196,Walmart,"1334 N Ellington Pkwy, Lewisburg, TN 37091",35.4711267,-86.7914299,"['department_store', 'hardware_store', 'bakery', 'grocery_or_supermarket', 'electronics_store', 'furniture_store', 'home_goods_store', 'food', 'point_of_interest', 'clothing_store', 'store', 'establishment']",37091
197,Walmart,"140 Joe B Jackson Pkwy, Murfreesboro, TN 37127",35.7751509,-86.3999035,"['department_store', 'hardware_store', 'bakery', 'grocery_or_supermarket', 'electronics_store', 'furniture_store', 'home_goods_store', 'food', 'point_of_interest', 'clothing_store', 'store', 'establishment']",37127
198,Walmart,"14800 Fort Campbell Blvd, Oak Grove, KY 42262",36.6678848,-87.4402847,"['department_store', 'hardware_store', 'bakery', 'grocery_or_supermarket', 'electronics_store', 'furniture_store', 'home_goods_store', 'food', 'point_of_interest', 'clothing_store', 'store', 'establishment']",42262
199,Walmart,"150 Walton Ave, Bowling Green, KY 42104",36.9487482,-86.4335977,"['department_store', 'hardware_store', 'bakery', 'grocery_or_supermarket', 'electronics_store', 'furniture_store', 'home_goods_store', 'food', 'point_of_interest', 'clothing_store', 'store', 'establishment']",42104
200,Walmart,"1550 Nashville Rd, Franklin, KY 42134",36.6949225,-86.5730362,"['department_store', 'hardware_store', 'bakery', 'grocery_or_supermarket', 'electronics_store', 'furniture_store', 'home_goods_store', 'food', 'point_of_interest', 'clothing_store', 'store', 'establishment']",42134
201,Walmart,"1626 Highway 12 North S, Ashland City, TN 37015",36.2480163,-87.0328445,"['department_store', 'hardware_store', 'bakery', 'grocery_or_supermarket', 'electronics_store', 'furniture_store', 'home_goods_store', 'food', 'point_of_interest', 'clothing_store', 'store', 'establishment']",37015
202,Walmart,"1655 W College St, Pulaski, TN 38478",35.2017517,-87.0602111,"['department_store', 'hardware_store', 'bakery', 'grocery_or_supermarket', 'electronics_store', 'furniture_store', 'home_goods_store', 'food', 'point_of_interest', 'clothing_store', 'store', 'establishment']",38478
203,Walmart,"1680 Fort Campbell Blvd, Clarksville, TN 37042",36.5804171,-87.4130046,"['department_store', 'hardware_store', 'bakery', 'grocery_or_supermarket', 'electronics_store', 'furniture_store', 'home_goods_store', 'food', 'point_of_interest', 'clothing_store', 'store', 'establishment']",37042
204,Walmart,"175 Beasley Dr, Dickson, TN 37055",36.0602428,-87.3806814,"['department_store', 'hardware_store', 'bakery', 'grocery_or_supermarket', 'electronics_store', 'furniture_store', 'home_goods_store', 'food', 'point_of_interest', 'clothing_store', 'store', 'establishment']",37055
205,Walmart,"1880 N Main St, Shelbyville, TN 37160",35.5131566,-86.4520543,"['department_store', 'hardware_store', 'bakery', 'grocery_or_supermarket', 'electronics_store', 'furniture_store', 'home_goods_store', 'food', 'point_of_interest', 'clothing_store', 'store', 'establishment']",37160
206,Walmart,"2000 Old Fort Pkwy, Murfreesboro, TN 37129",35.8500518,-86.4280853,"['department_store', 'hardware_store', 'bakery', 'grocery_or_supermarket', 'electronics_store', 'furniture_store', 'home_goods_store', 'food', 'point_of_interest', 'clothing_store', 'store', 'establishment']",37129
207,Walmart,"2012 Memorial Blvd, Murfreesboro, TN 37129",35.878498,-86.3830413,"['department_store', 'hardware_store', 'bakery', 'grocery_or_supermarket', 'electronics_store', 'furniture_store', 'home_goods_store', 'food', 'point_of_interest', 'clothing_store', 'store', 'establishment']",37129
208,Walmart,"204 Anderson Ln N, Hendersonville, TN 37075",36.3224317,-86.5959696,"['department_store', 'hardware_store', 'bakery', 'grocery_or_supermarket', 'electronics_store', 'furniture_store', 'home_goods_store', 'food', 'point_of_interest', 'clothing_store', 'store', 'establishment']",37075
209,Walmart,"2111 N Jackson St, Tullahoma, TN 37388",35.3897784,-86.2398279,"['department_store', 'hardware_store', 'bakery', 'grocery_or_supermarket', 'electronics_store', 'furniture_store', 'home_goods_store', 'food', 'point_of_interest', 'clothing_store', 'store', 'establishment']",37388
210,Walmart,"2200 Brookmeade Dr, Columbia, TN 38401",35.5990704,-87.0513407,"['department_store', 'hardware_store', 'bakery', 'grocery_or_supermarket', 'electronics_store', 'furniture_store', 'home_goods_store', 'food', 'point_of_interest', 'clothing_store', 'store', 'establishment']",38401
211,Walmart,"2232 Gallatin Pike N, Madison, TN 37115",36.3084588,-86.6866025,"['department_store', 'hardware_store', 'bakery', 'grocery_or_supermarket', 'electronics_store', 'furniture_store', 'home_goods_store', 'food', 'point_of_interest', 'clothing_store', 'store', 'establishment']",37115
212,Walmart,"225 Wilkinson Ln, White House, TN 37188",36.4726292,-86.6776289,"['department_store', 'hardware_store', 'bakery', 'grocery_or_supermarket', 'electronics_store', 'furniture_store', 'home_goods_store', 'food', 'point_of_interest', 'clothing_store', 'store', 'establishment']",37188
213,Walmart,"2315 Madison St, Clarksville, TN 37043",36.5096697,-87.2692439,"['department_store', 'hardware_store', 'bakery', 'grocery_or_supermarket', 'electronics_store', 'furniture_store', 'home_goods_store', 'food', 'point_of_interest', 'clothing_store', 'store', 'establishment']",37043
214,Walmart,"2518 Hillsboro Blvd, Manchester, TN 37355",35.4525453,-86.0473837,"['department_store', 'hardware_store', 'bakery', 'grocery_or_supermarket', 'electronics_store', 'furniture_store', 'home_goods_store', 'food', 'point_of_interest', 'clothing_store', 'store', 'establishment']",37355
215,Walmart,"275 Walton Dr, Waverly, TN 37185",36.0842603,-87.8327177,"['department_store', 'hardware_store', 'bakery', 'grocery_or_supermarket', 'electronics_store', 'furniture_store', 'home_goods_store', 'food', 'point_of_interest', 'clothing_store', 'store', 'establishment']",37185
216,Walmart,"2900 S Rutherford Blvd, Murfreesboro, TN 37130",35.8315944,-86.346231,"['department_store', 'hardware_store', 'bakery', 'grocery_or_supermarket', 'electronics_store', 'furniture_store', 'home_goods_store', 'food', 'point_of_interest', 'clothing_store', 'store', 'establishment']",37130
217,Walmart,"300 Pleasant Grove Rd Ste 600, Mt. Juliet, TN 37122",36.1787681,-86.5196456,"['department_store', 'hardware_store', 'bakery', 'grocery_or_supermarket', 'electronics_store', 'furniture_store', 'home_goods_store', 'food', 'point_of_interest', 'clothing_store', 'store', 'establishment']",37122
218,Walmart,"3035 Hamilton Church Rd, Antioch, TN 37013",36.0609738,-86.6291251,"['department_store', 'hardware_store', 'bakery', 'grocery_or_supermarket', 'electronics_store', 'furniture_store', 'home_goods_store', 'food', 'point_of_interest', 'clothing_store', 'store', 'establishment']",37013
219,Walmart,"3050 Wilma Rudolph Blvd, Clarksville, TN 37040",36.5946617,-87.2907943,"['department_store', 'hardware_store', 'bakery', 'grocery_or_supermarket', 'electronics_store', 'furniture_store', 'home_goods_store', 'food', 'point_of_interest', 'clothing_store', 'store', 'establishment']",37040
220,Walmart,"3360 Tom Austin Hwy, Springfield, TN 37172",36.4836896,-86.8878536,"['department_store', 'hardware_store', 'bakery', 'grocery_or_supermarket', 'electronics_store', 'furniture_store', 'home_goods_store', 'food', 'point_of_interest', 'clothing_store', 'store', 'establishment']",37172
221,Walmart,"3458 Dickerson Pike, Nashville, TN 37207",36.2443566,-86.7629009,"['department_store', 'hardware_store', 'bakery', 'grocery_or_supermarket', 'electronics_store', 'furniture_store', 'home_goods_store', 'food', 'point_of_interest', 'clothing_store', 'store', 'establishment']",37207
222,Walmart,"3600 Mallory Ln, Franklin, TN 37067",35.9392705,-86.8201513,"['department_store', 'hardware_store', 'bakery', 'grocery_or_supermarket', 'electronics_store', 'furniture_store', 'home_goods_store', 'food', 'point_of_interest', 'clothing_store', 'store', 'establishment']",37067
223,Walmart,"4040 Nolensville Pike, Nashville, TN 37211",36.0824717,-86.725605,"['department_store', 'hardware_store', 'bakery', 'grocery_or_supermarket', 'electronics_store', 'furniture_store', 'home_goods_store', 'food', 'point_of_interest', 'clothing_store', 'store', 'establishment']",37211
224,Walmart,"419 TN-52 W, Lafayette, TN 37083",36.5192919,-86.0383055,"['department_store', 'hardware_store', 'bakery', 'grocery_or_supermarket', 'electronics_store', 'furniture_store', 'home_goods_store', 'food', 'point_of_interest', 'clothing_store', 'store', 'establishment']",37083
225,Walmart,"4424 Lebanon Pike, Hermitage, TN 37076",36.2164829,-86.600792,"['department_store', 'hardware_store', 'bakery', 'grocery_or_supermarket', 'electronics_store', 'furniture_store', 'home_goods_store', 'food', 'point_of_interest', 'clothing_store', 'store', 'establishment']",37076
226,Walmart,"4959 Main St, Spring Hill, TN 37174",35.7728287,-86.9190551,"['department_store', 'hardware_store', 'bakery', 'grocery_or_supermarket', 'electronics_store', 'furniture_store', 'home_goods_store', 'food', 'point_of_interest', 'clothing_store', 'store', 'establishment']",37174
227,Walmart,"515 W Broad St, Smithville, TN 37166",35.9547567,-85.8299059,"['department_store', 'hardware_store', 'bakery', 'grocery_or_supermarket', 'electronics_store', 'furniture_store', 'home_goods_store', 'food', 'point_of_interest', 'clothing_store', 'store', 'establishment']",37166
228,Walmart,"5511 Murfreesboro Rd, La Vergne, TN 37086",36.0147957,-86.54559,"['department_store', 'hardware_store', 'bakery', 'grocery_or_supermarket', 'electronics_store', 'furniture_store', 'home_goods_store', 'food', 'point_of_interest', 'clothing_store', 'store', 'establishment']",37086
229,Walmart,"570 Enon Springs Rd E, Smyrna, TN 37167",35.9712219,-86.4959487,"['department_store', 'hardware_store', 'bakery', 'grocery_or_supermarket', 'electronics_store', 'furniture_store', 'home_goods_store', 'food', 'point_of_interest', 'clothing_store', 'store', 'establishment']",37167
230,Walmart,"5824 Nolensville Pike, Nashville, TN 37211",36.0419415,-86.7091763,"['department_store', 'hardware_store', 'bakery', 'grocery_or_supermarket', 'electronics_store', 'furniture_store', 'home_goods_store', 'food', 'point_of_interest', 'clothing_store', 'store', 'establishment']",37211
231,Walmart,"612 E Main St, Hohenwald, TN 38462",35.5571433,-87.5286124,"['department_store', 'hardware_store', 'bakery', 'grocery_or_supermarket', 'electronics_store', 'furniture_store', 'home_goods_store', 'food', 'point_of_interest', 'clothing_store', 'store', 'establishment']",38462
232,Walmart,"615 S Cumberland St, Lebanon, TN 37087",36.1919491,-86.2909178,"['department_store', 'hardware_store', 'bakery', 'grocery_or_supermarket', 'electronics_store', 'furniture_store', 'home_goods_store', 'food', 'point_of_interest', 'clothing_store', 'store', 'establishment']",37087
233,Walmart,"7044 Charlotte Pike, Nashville, TN 37209",36.1317787,-86.9075012,"['department_store', 'hardware_store', 'bakery', 'grocery_or_supermarket', 'electronics_store', 'furniture_store', 'home_goods_store', 'food', 'point_of_interest', 'clothing_store', 'store', 'establishment']",37209
234,Walmart,"7100 Hopgood Rd, Fairview, TN 37062",35.9627597,-87.1399517,"['department_store', 'hardware_store', 'bakery', 'grocery_or_supermarket', 'electronics_store', 'furniture_store', 'home_goods_store', 'food', 'point_of_interest', 'clothing_store', 'store', 'establishment']",37062
235,Whole Foods Market,"1202 Broadway, Nashville, TN 37203",36.1567496,-86.7880596,"['grocery_or_supermarket', 'supermarket', 'food', 'health', 'point_of_interest', 'store', 'establishment']",37203
236,Whole Foods Market,"1566 W McEwen Dr, Franklin, TN 37067",35.934211,-86.8249366,"['grocery_or_supermarket', 'supermarket', 'food', 'health', 'point_of_interest', 'store', 'establishment']",37067
237,Whole Foods Market,"1601 S Brentwood Blvd, St. Louis, MO 63144",38.6271091,-90.3478836,"['grocery_or_supermarket', 'supermarket', 'food', 'health', 'point_of_interest', 'store', 'establishment']",63144
238,Whole Foods Market,"1814 Gunbarrel Rd Ste 100, Chattanooga, TN 37421",35.0236688,-85.1560858,"['grocery_or_supermarket', 'supermarket', 'food', 'health', 'point_of_interest', 'store', 'establishment']",37421
239,Lucy market,"2131 Murfreesboro Pike, Nashville, TN 37217",36.0924134,-86.6524681,"['grocery_or_supermarket', 'food', 'point_of_interest', 'store', 'establishment']",37217
240,Los Amigos Mercado Latino,"2582 Murfreesboro Pike, Nashville, TN 37217",36.0751766,-86.6387663,"['grocery_or_supermarket', 'food', 'point_of_interest', 'store', 'establishment']",37217
241,Double Eight Food Mart Inc,"2615 Murfreesboro Pike, Nashville, TN 37217",36.07186,-86.637993,"['grocery_or_supermarket', 'food', 'point_of_interest', 'store', 'establishment']",37217
242,Whole Foods Market,"2800 Old Milton Pkwy, Alpharetta, GA 30009",34.0694669,-84.2784091,"['grocery_or_supermarket', 'supermarket', 'food', 'health', 'point_of_interest', 'store', 'establishment']",30009
243,Litton's Corner Market,"2830 Gallatin Pike, Nashville, TN 37216",36.2022406,-86.7389614,"['grocery_or_supermarket', 'food', 'point_of_interest', 'store', 'establishment']",37216
244,Whole Foods Market,"301 Manufacturers Rd, Chattanooga, TN 37405",35.0633539,-85.3141872,"['grocery_or_supermarket', 'supermarket', 'food', 'health', 'point_of_interest', 'store', 'establishment']",37405
245,Rosie's Market,"3900 Charlotte Ave, Nashville, TN 37209",36.1527329,-86.83348,"['grocery_or_supermarket', 'food', 'point_of_interest', 'store', 'establishment']",37209
246,Hunter's Hometown Foods,"3910 Clarksville Pike, Nashville, TN 37218",36.208599,-86.8393554,"['grocery_or_supermarket', 'supermarket', 'food', 'point_of_interest', 'store', 'establishment']",37218
247,The Produce Place,"4000 Murphy Rd, Nashville, TN 37209",36.140911,-86.83324,"['grocery_or_supermarket', 'food', 'point_of_interest', 'store', 'establishment']",37209
248,Whole Foods Market,"4021 Hillsboro Pike, Nashville, TN 37215",36.1031403,-86.8187272,"['grocery_or_supermarket', 'supermarket', 'food', 'health', 'point_of_interest', 'store', 'establishment']",37215
249,Whole Foods Market,"4059 Finn Wy, Lexington, KY 40517",37.9776328,-84.5286723,"['grocery_or_supermarket', 'supermarket', 'food', 'health', 'point_of_interest', 'store', 'establishment']",40517
250,Madison Inglewood Market,"4702 Gallatin Pike, Nashville, TN 37216",36.2305556,-86.7247222,"['convenience_store', 'grocery_or_supermarket', 'food', 'point_of_interest', 'store', 'establishment']",37216
251,Wedgehill Market,"600 Benton Ave, Nashville, TN 37204",36.1318851,-86.768775,"['grocery_or_supermarket', 'supermarket', 'food', 'point_of_interest', 'store', 'establishment']",37204
252,L & E Market,"606 Millwood Dr, Nashville, TN 37217",36.1300845,-86.713784,"['grocery_or_supermarket', 'food', 'point_of_interest', 'store', 'establishment']",37217
253,Whole Foods Market,"6730 Papermill Dr NW, Knoxville, TN 37919",35.9330472,-84.015503,"['grocery_or_supermarket', 'supermarket', 'food', 'health', 'point_of_interest', 'store', 'establishment']",37919
254,Swett's Market,"702 28th Ave N, Nashville, TN 37208",36.1590176,-86.8182096,"['grocery_or_supermarket', 'food', 'point_of_interest', 'store', 'establishment']",37208
255,Aleksey's Market,"718 Thompson Ln, Nashville, TN 37204",36.1128669,-86.7652274,"['supermarket', 'grocery_or_supermarket', 'food', 'point_of_interest', 'store', 'establishment']",37204
256,Sprouts Farmers Market,"7620 Hwy 70 S, Nashville, TN 37221",36.0799,-86.94918,"['grocery_or_supermarket', 'supermarket', 'food', 'health', 'point_of_interest', 'store', 'establishment']",37221
257,Whole Foods Market,"7825 US-72, Germantown, TN 38138",35.0888037,-89.8021257,"['grocery_or_supermarket', 'supermarket', 'food', 'health', 'point_of_interest', 'store', 'establishment']",38138