,zipunpacked,variable,value
0,37218,BPHIGH_CrudePrev,47.4
1,37207,BPHIGH_CrudePrev,42.7
2,37218,BPHIGH_CrudePrev,42.7
3,37207,BPHIGH_CrudePrev,39.0
4,37216,BPHIGH_CrudePrev,46.9
5,37216,BPHIGH_CrudePrev,44.8
6,37207,BPHIGH_CrudePrev,38.3
7,37207,BPHIGH_CrudePrev,44.4
8,37207,BPHIGH_CrudePrev,49.0
9,37207,BPHIGH_CrudePrev,42.9
10,37216,BPHIGH_CrudePrev,42.9
11,37216,BPHIGH_CrudePrev,37.2
12,37216,BPHIGH_CrudePrev,34.5
13,37216,BPHIGH_CrudePrev,32.5
14,37207,BPHIGH_CrudePrev,40.2
15,37216,BPHIGH_CrudePrev,38.8
16,37206,BPHIGH_CrudePrev,38.8
17,37206,BPHIGH_CrudePrev,35.8
18,37216,BPHIGH_CrudePrev,35.8
19,37216,BPHIGH_CrudePrev,34.6
20,37206,BPHIGH_CrudePrev,34.6
21,37206,BPHIGH_CrudePrev,30.1
22,37216,BPHIGH_CrudePrev,30.1
23,37207,BPHIGH_CrudePrev,30.1
24,37213,BPHIGH_CrudePrev,43.8
25,37207,BPHIGH_CrudePrev,43.8
26,37206,BPHIGH_CrudePrev,37.8
27,37207,BPHIGH_CrudePrev,37.8
28,37206,BPHIGH_CrudePrev,26.2
29,37206,BPHIGH_CrudePrev,26.9
30,37207,BPHIGH_CrudePrev,43.5
31,37207,BPHIGH_CrudePrev,51.0
32,37218,BPHIGH_CrudePrev,51.0
33,37207,BPHIGH_CrudePrev,49.0
34,37218,BPHIGH_CrudePrev,49.0
35,37218,BPHIGH_CrudePrev,52.5
36,37218,BPHIGH_CrudePrev,47.1
37,37209,BPHIGH_CrudePrev,33.8
38,37218,BPHIGH_CrudePrev,38.5
39,37209,BPHIGH_CrudePrev,36.1
40,37209,BPHIGH_CrudePrev,32.2
41,37209,BPHIGH_CrudePrev,31.9
42,37209,BPHIGH_CrudePrev,23.2
43,37209,BPHIGH_CrudePrev,26.8
44,37208,BPHIGH_CrudePrev,41.5
45,37209,BPHIGH_CrudePrev,41.5
46,37209,BPHIGH_CrudePrev,25.9
47,37208,BPHIGH_CrudePrev,25.9
48,37228,BPHIGH_CrudePrev,49.4
49,37208,BPHIGH_CrudePrev,49.4
50,37208,BPHIGH_CrudePrev,52.2
51,37208,BPHIGH_CrudePrev,53.6
52,37208,BPHIGH_CrudePrev,41.5
53,37203,BPHIGH_CrudePrev,41.5
54,37208,BPHIGH_CrudePrev,49.9
55,37209,BPHIGH_CrudePrev,49.9
56,37209,BPHIGH_CrudePrev,41.4
57,37203,BPHIGH_CrudePrev,41.4
58,37210,BPHIGH_CrudePrev,48.5
59,37214,BPHIGH_CrudePrev,33.4
60,37210,BPHIGH_CrudePrev,35.6
61,37214,BPHIGH_CrudePrev,35.6
62,37214,BPHIGH_CrudePrev,34.5
63,37214,BPHIGH_CrudePrev,30.5
64,37214,BPHIGH_CrudePrev,34.3
65,37217,BPHIGH_CrudePrev,30.1
66,37211,BPHIGH_CrudePrev,33.7
67,37217,BPHIGH_CrudePrev,33.7
68,37217,BPHIGH_CrudePrev,31.3
69,37217,BPHIGH_CrudePrev,34.9
70,37217,BPHIGH_CrudePrev,36.1
71,37217,BPHIGH_CrudePrev,36.5
72,37217,BPHIGH_CrudePrev,34.7
73,37214,BPHIGH_CrudePrev,28.3
74,37217,BPHIGH_CrudePrev,31.8
75,37214,BPHIGH_CrudePrev,31.8
76,37217,BPHIGH_CrudePrev,30.8
77,37217,BPHIGH_CrudePrev,36.9
78,37211,BPHIGH_CrudePrev,36.9
79,37217,BPHIGH_CrudePrev,34.5
80,37210,BPHIGH_CrudePrev,34.5
81,37211,BPHIGH_CrudePrev,34.5
82,37217,BPHIGH_CrudePrev,28.3
83,37217,BPHIGH_CrudePrev,28.9
84,37210,BPHIGH_CrudePrev,42.9
85,37210,BPHIGH_CrudePrev,49.2
86,37203,BPHIGH_CrudePrev,49.2
87,37203,BPHIGH_CrudePrev,37.1
88,37204,BPHIGH_CrudePrev,37.1
89,37210,BPHIGH_CrudePrev,37.1
90,37203,BPHIGH_CrudePrev,44.6
91,37204,BPHIGH_CrudePrev,44.6
92,37203,BPHIGH_CrudePrev,36.5
93,37212,BPHIGH_CrudePrev,36.5
94,37232,BPHIGH_CrudePrev,16.5
95,37212,BPHIGH_CrudePrev,16.5
96,37203,BPHIGH_CrudePrev,16.5
97,37203,BPHIGH_CrudePrev,9.9
98,37232,BPHIGH_CrudePrev,9.9
99,37240,BPHIGH_CrudePrev,9.9
100,37212,BPHIGH_CrudePrev,9.9
101,37212,BPHIGH_CrudePrev,23.7
102,37232,BPHIGH_CrudePrev,23.7
103,37203,BPHIGH_CrudePrev,23.7
104,37215,BPHIGH_CrudePrev,28.2
105,37205,BPHIGH_CrudePrev,28.2
106,37203,BPHIGH_CrudePrev,18.2
107,37212,BPHIGH_CrudePrev,18.2
108,37212,BPHIGH_CrudePrev,23.9
109,37215,BPHIGH_CrudePrev,23.9
110,37204,BPHIGH_CrudePrev,23.9
111,37212,BPHIGH_CrudePrev,20.7
112,37204,BPHIGH_CrudePrev,20.7
113,37203,BPHIGH_CrudePrev,20.7
114,37204,BPHIGH_CrudePrev,27.2
115,37211,BPHIGH_CrudePrev,36.5
116,37204,BPHIGH_CrudePrev,36.5
117,37210,BPHIGH_CrudePrev,36.5
118,37210,BPHIGH_CrudePrev,35.2
119,37211,BPHIGH_CrudePrev,35.2
120,37211,BPHIGH_CrudePrev,34.2
121,37210,BPHIGH_CrudePrev,34.2
122,37211,BPHIGH_CrudePrev,31.1
123,37211,BPHIGH_CrudePrev,35.9
124,37204,BPHIGH_CrudePrev,35.9
125,37204,BPHIGH_CrudePrev,26.3
126,37220,BPHIGH_CrudePrev,26.3
127,37204,BPHIGH_CrudePrev,22.7
128,37220,BPHIGH_CrudePrev,22.7
129,37215,BPHIGH_CrudePrev,22.7
130,37215,BPHIGH_CrudePrev,24.8
131,37212,BPHIGH_CrudePrev,24.8
132,37204,BPHIGH_CrudePrev,24.8
133,37205,BPHIGH_CrudePrev,33.6
134,37215,BPHIGH_CrudePrev,33.6
135,37204,BPHIGH_CrudePrev,34.7
136,37205,BPHIGH_CrudePrev,34.7
137,37215,BPHIGH_CrudePrev,34.7
138,37215,BPHIGH_CrudePrev,30.4
139,37205,BPHIGH_CrudePrev,30.4
140,37209,BPHIGH_CrudePrev,29.5
141,37209,BPHIGH_CrudePrev,37.4
142,37205,BPHIGH_CrudePrev,37.4
143,37209,BPHIGH_CrudePrev,32.3
144,37205,BPHIGH_CrudePrev,32.3
145,37205,BPHIGH_CrudePrev,27.7
146,37209,BPHIGH_CrudePrev,27.7
147,37221,BPHIGH_CrudePrev,27.7
148,37205,BPHIGH_CrudePrev,33.1
149,37209,BPHIGH_CrudePrev,30.9
150,37221,BPHIGH_CrudePrev,30.9
151,37205,BPHIGH_CrudePrev,30.9
152,37221,BPHIGH_CrudePrev,27.8
153,37221,BPHIGH_CrudePrev,29.7
154,37209,BPHIGH_CrudePrev,29.7
155,37215,BPHIGH_CrudePrev,32.3
156,37205,BPHIGH_CrudePrev,32.3
157,37221,BPHIGH_CrudePrev,32.3
158,37221,BPHIGH_CrudePrev,30.3
159,37221,BPHIGH_CrudePrev,31.1
160,37221,BPHIGH_CrudePrev,29.1
161,37221,BPHIGH_CrudePrev,39.0
162,37221,BPHIGH_CrudePrev,28.1
163,37215,BPHIGH_CrudePrev,30.3
164,37205,BPHIGH_CrudePrev,30.3
165,37221,BPHIGH_CrudePrev,33.9
166,37205,BPHIGH_CrudePrev,33.9
167,37215,BPHIGH_CrudePrev,33.9
168,37220,BPHIGH_CrudePrev,33.6
169,37215,BPHIGH_CrudePrev,33.6
170,37220,BPHIGH_CrudePrev,33.3
171,37204,BPHIGH_CrudePrev,29.2
172,37220,BPHIGH_CrudePrev,29.2
173,37211,BPHIGH_CrudePrev,29.2
174,37211,BPHIGH_CrudePrev,32.4
175,37204,BPHIGH_CrudePrev,34.7
176,37211,BPHIGH_CrudePrev,34.7
177,37220,BPHIGH_CrudePrev,30.9
178,37211,BPHIGH_CrudePrev,30.9
179,37211,BPHIGH_CrudePrev,31.8
180,37211,BPHIGH_CrudePrev,23.4
181,37211,BPHIGH_CrudePrev,29.8
182,37211,BPHIGH_CrudePrev,34.4
183,37211,BPHIGH_CrudePrev,35.1
184,37211,BPHIGH_CrudePrev,34.6
185,37211,BPHIGH_CrudePrev,31.7
186,37211,BPHIGH_CrudePrev,22.5
187,37211,BPHIGH_CrudePrev,31.2
188,37211,BPHIGH_CrudePrev,34.8
189,37211,BPHIGH_CrudePrev,33.6
190,37211,BPHIGH_CrudePrev,28.8
191,37211,BPHIGH_CrudePrev,31.1
192,37211,BPHIGH_CrudePrev,24.3
193,37211,BPHIGH_CrudePrev,30.3
194,37211,BPHIGH_CrudePrev,28.2
195,37206,BPHIGH_CrudePrev,34.1
196,37213,BPHIGH_CrudePrev,34.1
197,37207,BPHIGH_CrudePrev,45.3
198,37213,BPHIGH_CrudePrev,45.3
199,37206,BPHIGH_CrudePrev,45.3
200,37203,BPHIGH_CrudePrev,35.1
201,37208,BPHIGH_CrudePrev,35.1
202,37219,BPHIGH_CrudePrev,35.1
203,37201,BPHIGH_CrudePrev,35.1
204,37203,BPHIGH_CrudePrev,28.3
205,37219,BPHIGH_CrudePrev,28.3
206,37210,BPHIGH_CrudePrev,28.3
207,37212,BPHIGH_CrudePrev,28.3
208,37201,BPHIGH_CrudePrev,28.3
209,37210,BPHIGH_CrudePrev,31.6
210,37218,CHD_CrudePrev,7.0
211,37207,CHD_CrudePrev,6.3
212,37218,CHD_CrudePrev,6.3
213,37207,CHD_CrudePrev,6.3
214,37216,CHD_CrudePrev,11.6
215,37216,CHD_CrudePrev,9.8
216,37207,CHD_CrudePrev,6.6
217,37207,CHD_CrudePrev,6.3
218,37207,CHD_CrudePrev,8.1
219,37207,CHD_CrudePrev,7.4
220,37216,CHD_CrudePrev,7.4
221,37216,CHD_CrudePrev,6.1
222,37216,CHD_CrudePrev,6.2
223,37216,CHD_CrudePrev,5.1
224,37207,CHD_CrudePrev,6.9
225,37216,CHD_CrudePrev,5.8
226,37206,CHD_CrudePrev,5.8
227,37206,CHD_CrudePrev,6.1
228,37216,CHD_CrudePrev,6.1
229,37216,CHD_CrudePrev,5.4
230,37206,CHD_CrudePrev,5.4
231,37206,CHD_CrudePrev,4.2
232,37216,CHD_CrudePrev,4.2
233,37207,CHD_CrudePrev,4.2
234,37213,CHD_CrudePrev,6.6
235,37207,CHD_CrudePrev,6.6
236,37206,CHD_CrudePrev,5.5
237,37207,CHD_CrudePrev,5.5
238,37206,CHD_CrudePrev,3.7
239,37206,CHD_CrudePrev,3.7
240,37207,CHD_CrudePrev,7.0
241,37207,CHD_CrudePrev,8.6
242,37218,CHD_CrudePrev,8.6
243,37207,CHD_CrudePrev,7.8
244,37218,CHD_CrudePrev,7.8
245,37218,CHD_CrudePrev,9.6
246,37218,CHD_CrudePrev,8.4
247,37209,CHD_CrudePrev,4.5
248,37218,CHD_CrudePrev,6.9
249,37209,CHD_CrudePrev,7.0
250,37209,CHD_CrudePrev,5.7
251,37209,CHD_CrudePrev,5.5
252,37209,CHD_CrudePrev,3.2
253,37209,CHD_CrudePrev,3.5
254,37208,CHD_CrudePrev,6.2
255,37209,CHD_CrudePrev,6.2
256,37209,CHD_CrudePrev,2.8
257,37208,CHD_CrudePrev,2.8
258,37228,CHD_CrudePrev,8.8
259,37208,CHD_CrudePrev,8.8
260,37208,CHD_CrudePrev,8.5
261,37208,CHD_CrudePrev,9.5
262,37208,CHD_CrudePrev,6.1
263,37203,CHD_CrudePrev,6.1
264,37208,CHD_CrudePrev,7.8
265,37209,CHD_CrudePrev,7.8
266,37209,CHD_CrudePrev,5.6
267,37203,CHD_CrudePrev,5.6
268,37210,CHD_CrudePrev,8.3
269,37214,CHD_CrudePrev,6.2
270,37210,CHD_CrudePrev,7.0
271,37214,CHD_CrudePrev,7.0
272,37214,CHD_CrudePrev,6.2
273,37214,CHD_CrudePrev,5.1
274,37214,CHD_CrudePrev,6.2
275,37217,CHD_CrudePrev,4.0
276,37211,CHD_CrudePrev,5.0
277,37217,CHD_CrudePrev,5.0
278,37217,CHD_CrudePrev,4.3
279,37217,CHD_CrudePrev,5.8
280,37217,CHD_CrudePrev,5.6
281,37217,CHD_CrudePrev,5.6
282,37217,CHD_CrudePrev,4.8
283,37214,CHD_CrudePrev,3.9
284,37217,CHD_CrudePrev,4.8
285,37214,CHD_CrudePrev,4.8
286,37217,CHD_CrudePrev,3.6
287,37217,CHD_CrudePrev,7.4
288,37211,CHD_CrudePrev,7.4
289,37217,CHD_CrudePrev,6.4
290,37210,CHD_CrudePrev,6.4
291,37211,CHD_CrudePrev,6.4
292,37217,CHD_CrudePrev,4.3
293,37217,CHD_CrudePrev,4.1
294,37210,CHD_CrudePrev,11.6
295,37210,CHD_CrudePrev,8.2
296,37203,CHD_CrudePrev,8.2
297,37203,CHD_CrudePrev,5.8
298,37204,CHD_CrudePrev,5.8
299,37210,CHD_CrudePrev,5.8
300,37203,CHD_CrudePrev,7.6
301,37204,CHD_CrudePrev,7.6
302,37203,CHD_CrudePrev,5.6
303,37212,CHD_CrudePrev,5.6
304,37232,CHD_CrudePrev,2.6
305,37212,CHD_CrudePrev,2.6
306,37203,CHD_CrudePrev,2.6
307,37203,CHD_CrudePrev,0.7
308,37232,CHD_CrudePrev,0.7
309,37240,CHD_CrudePrev,0.7
310,37212,CHD_CrudePrev,0.7
311,37212,CHD_CrudePrev,3.4
312,37232,CHD_CrudePrev,3.4
313,37203,CHD_CrudePrev,3.4
314,37215,CHD_CrudePrev,4.9
315,37205,CHD_CrudePrev,4.9
316,37203,CHD_CrudePrev,2.3
317,37212,CHD_CrudePrev,2.3
318,37212,CHD_CrudePrev,3.2
319,37215,CHD_CrudePrev,3.2
320,37204,CHD_CrudePrev,3.2
321,37212,CHD_CrudePrev,2.6
322,37204,CHD_CrudePrev,2.6
323,37203,CHD_CrudePrev,2.6
324,37204,CHD_CrudePrev,3.3
325,37211,CHD_CrudePrev,7.7
326,37204,CHD_CrudePrev,7.7
327,37210,CHD_CrudePrev,7.7
328,37210,CHD_CrudePrev,6.6
329,37211,CHD_CrudePrev,6.6
330,37211,CHD_CrudePrev,6.0
331,37210,CHD_CrudePrev,6.0
332,37211,CHD_CrudePrev,5.3
333,37211,CHD_CrudePrev,7.5
334,37204,CHD_CrudePrev,7.5
335,37204,CHD_CrudePrev,4.1
336,37220,CHD_CrudePrev,4.1
337,37204,CHD_CrudePrev,3.6
338,37220,CHD_CrudePrev,3.6
339,37215,CHD_CrudePrev,3.6
340,37215,CHD_CrudePrev,3.7
341,37212,CHD_CrudePrev,3.7
342,37204,CHD_CrudePrev,3.7
343,37205,CHD_CrudePrev,6.0
344,37215,CHD_CrudePrev,6.0
345,37204,CHD_CrudePrev,6.6
346,37205,CHD_CrudePrev,6.6
347,37215,CHD_CrudePrev,6.6
348,37215,CHD_CrudePrev,5.1
349,37205,CHD_CrudePrev,5.1
350,37209,CHD_CrudePrev,4.7
351,37209,CHD_CrudePrev,7.3
352,37205,CHD_CrudePrev,7.3
353,37209,CHD_CrudePrev,5.5
354,37205,CHD_CrudePrev,5.5
355,37205,CHD_CrudePrev,4.4
356,37209,CHD_CrudePrev,4.4
357,37221,CHD_CrudePrev,4.4
358,37205,CHD_CrudePrev,5.6
359,37209,CHD_CrudePrev,5.2
360,37221,CHD_CrudePrev,5.2
361,37205,CHD_CrudePrev,5.2
362,37221,CHD_CrudePrev,4.1
363,37221,CHD_CrudePrev,4.9
364,37209,CHD_CrudePrev,4.9
365,37215,CHD_CrudePrev,5.8
366,37205,CHD_CrudePrev,5.8
367,37221,CHD_CrudePrev,5.8
368,37221,CHD_CrudePrev,4.6
369,37221,CHD_CrudePrev,4.8
370,37221,CHD_CrudePrev,4.2
371,37221,CHD_CrudePrev,7.8
372,37221,CHD_CrudePrev,4.5
373,37215,CHD_CrudePrev,5.0
374,37205,CHD_CrudePrev,5.0
375,37221,CHD_CrudePrev,5.5
376,37205,CHD_CrudePrev,5.5
377,37215,CHD_CrudePrev,5.5
378,37220,CHD_CrudePrev,5.8
379,37215,CHD_CrudePrev,5.8
380,37220,CHD_CrudePrev,5.5
381,37204,CHD_CrudePrev,4.8
382,37220,CHD_CrudePrev,4.8
383,37211,CHD_CrudePrev,4.8
384,37211,CHD_CrudePrev,5.2
385,37204,CHD_CrudePrev,6.7
386,37211,CHD_CrudePrev,6.7
387,37220,CHD_CrudePrev,5.5
388,37211,CHD_CrudePrev,5.5
389,37211,CHD_CrudePrev,5.7
390,37211,CHD_CrudePrev,3.2
391,37211,CHD_CrudePrev,5.0
392,37211,CHD_CrudePrev,6.5
393,37211,CHD_CrudePrev,5.4
394,37211,CHD_CrudePrev,6.0
395,37211,CHD_CrudePrev,5.9
396,37211,CHD_CrudePrev,2.8
397,37211,CHD_CrudePrev,5.1
398,37211,CHD_CrudePrev,5.9
399,37211,CHD_CrudePrev,5.9
400,37211,CHD_CrudePrev,3.7
401,37211,CHD_CrudePrev,4.3
402,37211,CHD_CrudePrev,3.1
403,37211,CHD_CrudePrev,4.4
404,37211,CHD_CrudePrev,4.1
405,37206,CHD_CrudePrev,5.4
406,37213,CHD_CrudePrev,5.4
407,37207,CHD_CrudePrev,8.5
408,37213,CHD_CrudePrev,8.5
409,37206,CHD_CrudePrev,8.5
410,37203,CHD_CrudePrev,4.8
411,37208,CHD_CrudePrev,4.8
412,37219,CHD_CrudePrev,4.8
413,37201,CHD_CrudePrev,4.8
414,37203,CHD_CrudePrev,3.9
415,37219,CHD_CrudePrev,3.9
416,37210,CHD_CrudePrev,3.9
417,37212,CHD_CrudePrev,3.9
418,37201,CHD_CrudePrev,3.9
419,37210,CHD_CrudePrev,5.2
420,37218,DIABETES_CrudePrev,16.7
421,37207,DIABETES_CrudePrev,14.1
422,37218,DIABETES_CrudePrev,14.1
423,37207,DIABETES_CrudePrev,12.2
424,37216,DIABETES_CrudePrev,18.7
425,37216,DIABETES_CrudePrev,14.9
426,37207,DIABETES_CrudePrev,11.8
427,37207,DIABETES_CrudePrev,16.5
428,37207,DIABETES_CrudePrev,19.3
429,37207,DIABETES_CrudePrev,16.0
430,37216,DIABETES_CrudePrev,16.0
431,37216,DIABETES_CrudePrev,11.7
432,37216,DIABETES_CrudePrev,10.2
433,37216,DIABETES_CrudePrev,9.4
434,37207,DIABETES_CrudePrev,14.7
435,37216,DIABETES_CrudePrev,13.2
436,37206,DIABETES_CrudePrev,13.2
437,37206,DIABETES_CrudePrev,10.7
438,37216,DIABETES_CrudePrev,10.7
439,37216,DIABETES_CrudePrev,10.1
440,37206,DIABETES_CrudePrev,10.1
441,37206,DIABETES_CrudePrev,8.8
442,37216,DIABETES_CrudePrev,8.8
443,37207,DIABETES_CrudePrev,8.8
444,37213,DIABETES_CrudePrev,16.2
445,37207,DIABETES_CrudePrev,16.2
446,37206,DIABETES_CrudePrev,13.3
447,37207,DIABETES_CrudePrev,13.3
448,37206,DIABETES_CrudePrev,6.6
449,37206,DIABETES_CrudePrev,7.1
450,37207,DIABETES_CrudePrev,16.6
451,37207,DIABETES_CrudePrev,20.7
452,37218,DIABETES_CrudePrev,20.7
453,37207,DIABETES_CrudePrev,18.3
454,37218,DIABETES_CrudePrev,18.3
455,37218,DIABETES_CrudePrev,21.5
456,37218,DIABETES_CrudePrev,17.9
457,37209,DIABETES_CrudePrev,8.9
458,37218,DIABETES_CrudePrev,12.4
459,37209,DIABETES_CrudePrev,11.7
460,37209,DIABETES_CrudePrev,9.9
461,37209,DIABETES_CrudePrev,10.0
462,37209,DIABETES_CrudePrev,5.5
463,37209,DIABETES_CrudePrev,7.5
464,37208,DIABETES_CrudePrev,15.2
465,37209,DIABETES_CrudePrev,15.2
466,37209,DIABETES_CrudePrev,6.5
467,37208,DIABETES_CrudePrev,6.5
468,37228,DIABETES_CrudePrev,19.8
469,37208,DIABETES_CrudePrev,19.8
470,37208,DIABETES_CrudePrev,20.7
471,37208,DIABETES_CrudePrev,22.5
472,37208,DIABETES_CrudePrev,15.5
473,37203,DIABETES_CrudePrev,15.5
474,37208,DIABETES_CrudePrev,19.4
475,37209,DIABETES_CrudePrev,19.4
476,37209,DIABETES_CrudePrev,14.6
477,37203,DIABETES_CrudePrev,14.6
478,37210,DIABETES_CrudePrev,20.4
479,37214,DIABETES_CrudePrev,10.0
480,37210,DIABETES_CrudePrev,10.7
481,37214,DIABETES_CrudePrev,10.7
482,37214,DIABETES_CrudePrev,9.6
483,37214,DIABETES_CrudePrev,8.6
484,37214,DIABETES_CrudePrev,10.5
485,37217,DIABETES_CrudePrev,8.5
486,37211,DIABETES_CrudePrev,10.6
487,37217,DIABETES_CrudePrev,10.6
488,37217,DIABETES_CrudePrev,9.9
489,37217,DIABETES_CrudePrev,12.7
490,37217,DIABETES_CrudePrev,10.7
491,37217,DIABETES_CrudePrev,11.7
492,37217,DIABETES_CrudePrev,11.1
493,37214,DIABETES_CrudePrev,7.9
494,37217,DIABETES_CrudePrev,9.5
495,37214,DIABETES_CrudePrev,9.5
496,37217,DIABETES_CrudePrev,9.1
497,37217,DIABETES_CrudePrev,12.4
498,37211,DIABETES_CrudePrev,12.4
499,37217,DIABETES_CrudePrev,12.0
500,37210,DIABETES_CrudePrev,12.0
501,37211,DIABETES_CrudePrev,12.0
502,37217,DIABETES_CrudePrev,9.7
503,37217,DIABETES_CrudePrev,8.5
504,37210,DIABETES_CrudePrev,17.3
505,37210,DIABETES_CrudePrev,19.7
506,37203,DIABETES_CrudePrev,19.7
507,37203,DIABETES_CrudePrev,12.7
508,37204,DIABETES_CrudePrev,12.7
509,37210,DIABETES_CrudePrev,12.7
510,37203,DIABETES_CrudePrev,17.3
511,37204,DIABETES_CrudePrev,17.3
512,37203,DIABETES_CrudePrev,12.7
513,37212,DIABETES_CrudePrev,12.7
514,37232,DIABETES_CrudePrev,4.0
515,37212,DIABETES_CrudePrev,4.0
516,37203,DIABETES_CrudePrev,4.0
517,37203,DIABETES_CrudePrev,1.5
518,37232,DIABETES_CrudePrev,1.5
519,37240,DIABETES_CrudePrev,1.5
520,37212,DIABETES_CrudePrev,1.5
521,37212,DIABETES_CrudePrev,6.6
522,37232,DIABETES_CrudePrev,6.6
523,37203,DIABETES_CrudePrev,6.6
524,37215,DIABETES_CrudePrev,7.1
525,37205,DIABETES_CrudePrev,7.1
526,37203,DIABETES_CrudePrev,4.2
527,37212,DIABETES_CrudePrev,4.2
528,37212,DIABETES_CrudePrev,6.0
529,37215,DIABETES_CrudePrev,6.0
530,37204,DIABETES_CrudePrev,6.0
531,37212,DIABETES_CrudePrev,5.7
532,37204,DIABETES_CrudePrev,5.7
533,37203,DIABETES_CrudePrev,5.7
534,37204,DIABETES_CrudePrev,7.5
535,37211,DIABETES_CrudePrev,12.5
536,37204,DIABETES_CrudePrev,12.5
537,37210,DIABETES_CrudePrev,12.5
538,37210,DIABETES_CrudePrev,13.0
539,37211,DIABETES_CrudePrev,13.0
540,37211,DIABETES_CrudePrev,11.3
541,37210,DIABETES_CrudePrev,11.3
542,37211,DIABETES_CrudePrev,9.8
543,37211,DIABETES_CrudePrev,12.3
544,37204,DIABETES_CrudePrev,12.3
545,37204,DIABETES_CrudePrev,6.5
546,37220,DIABETES_CrudePrev,6.5
547,37204,DIABETES_CrudePrev,5.8
548,37220,DIABETES_CrudePrev,5.8
549,37215,DIABETES_CrudePrev,5.8
550,37215,DIABETES_CrudePrev,6.4
551,37212,DIABETES_CrudePrev,6.4
552,37204,DIABETES_CrudePrev,6.4
553,37205,DIABETES_CrudePrev,8.9
554,37215,DIABETES_CrudePrev,8.9
555,37204,DIABETES_CrudePrev,9.2
556,37205,DIABETES_CrudePrev,9.2
557,37215,DIABETES_CrudePrev,9.2
558,37215,DIABETES_CrudePrev,7.8
559,37205,DIABETES_CrudePrev,7.8
560,37209,DIABETES_CrudePrev,9.0
561,37209,DIABETES_CrudePrev,10.5
562,37205,DIABETES_CrudePrev,10.5
563,37209,DIABETES_CrudePrev,8.4
564,37205,DIABETES_CrudePrev,8.4
565,37205,DIABETES_CrudePrev,7.7
566,37209,DIABETES_CrudePrev,7.7
567,37221,DIABETES_CrudePrev,7.7
568,37205,DIABETES_CrudePrev,8.5
569,37209,DIABETES_CrudePrev,8.9
570,37221,DIABETES_CrudePrev,8.9
571,37205,DIABETES_CrudePrev,8.9
572,37221,DIABETES_CrudePrev,7.1
573,37221,DIABETES_CrudePrev,8.6
574,37209,DIABETES_CrudePrev,8.6
575,37215,DIABETES_CrudePrev,9.0
576,37205,DIABETES_CrudePrev,9.0
577,37221,DIABETES_CrudePrev,9.0
578,37221,DIABETES_CrudePrev,8.2
579,37221,DIABETES_CrudePrev,8.7
580,37221,DIABETES_CrudePrev,7.7
581,37221,DIABETES_CrudePrev,11.1
582,37221,DIABETES_CrudePrev,7.7
583,37215,DIABETES_CrudePrev,7.5
584,37205,DIABETES_CrudePrev,7.5
585,37221,DIABETES_CrudePrev,9.1
586,37205,DIABETES_CrudePrev,9.1
587,37215,DIABETES_CrudePrev,9.1
588,37220,DIABETES_CrudePrev,8.8
589,37215,DIABETES_CrudePrev,8.8
590,37220,DIABETES_CrudePrev,8.8
591,37204,DIABETES_CrudePrev,7.3
592,37220,DIABETES_CrudePrev,7.3
593,37211,DIABETES_CrudePrev,7.3
594,37211,DIABETES_CrudePrev,9.3
595,37204,DIABETES_CrudePrev,11.0
596,37211,DIABETES_CrudePrev,11.0
597,37220,DIABETES_CrudePrev,9.0
598,37211,DIABETES_CrudePrev,9.0
599,37211,DIABETES_CrudePrev,10.4
600,37211,DIABETES_CrudePrev,6.4
601,37211,DIABETES_CrudePrev,10.6
602,37211,DIABETES_CrudePrev,12.6
603,37211,DIABETES_CrudePrev,12.2
604,37211,DIABETES_CrudePrev,12.1
605,37211,DIABETES_CrudePrev,10.7
606,37211,DIABETES_CrudePrev,5.6
607,37211,DIABETES_CrudePrev,10.7
608,37211,DIABETES_CrudePrev,12.1
609,37211,DIABETES_CrudePrev,11.3
610,37211,DIABETES_CrudePrev,8.6
611,37211,DIABETES_CrudePrev,9.9
612,37211,DIABETES_CrudePrev,6.1
613,37211,DIABETES_CrudePrev,8.5
614,37211,DIABETES_CrudePrev,8.1
615,37206,DIABETES_CrudePrev,10.7
616,37213,DIABETES_CrudePrev,10.7
617,37207,DIABETES_CrudePrev,18.0
618,37213,DIABETES_CrudePrev,18.0
619,37206,DIABETES_CrudePrev,18.0
620,37203,DIABETES_CrudePrev,11.0
621,37208,DIABETES_CrudePrev,11.0
622,37219,DIABETES_CrudePrev,11.0
623,37201,DIABETES_CrudePrev,11.0
624,37203,DIABETES_CrudePrev,7.9
625,37219,DIABETES_CrudePrev,7.9
626,37210,DIABETES_CrudePrev,7.9
627,37212,DIABETES_CrudePrev,7.9
628,37201,DIABETES_CrudePrev,7.9
629,37210,DIABETES_CrudePrev,9.2
630,37218,HIGHCHOL_CrudePrev,36.4
631,37207,HIGHCHOL_CrudePrev,32.9
632,37218,HIGHCHOL_CrudePrev,32.9
633,37207,HIGHCHOL_CrudePrev,34.6
634,37216,HIGHCHOL_CrudePrev,40.3
635,37216,HIGHCHOL_CrudePrev,39.9
636,37207,HIGHCHOL_CrudePrev,34.6
637,37207,HIGHCHOL_CrudePrev,31.9
638,37207,HIGHCHOL_CrudePrev,35.4
639,37207,HIGHCHOL_CrudePrev,34.5
640,37216,HIGHCHOL_CrudePrev,34.5
641,37216,HIGHCHOL_CrudePrev,32.8
642,37216,HIGHCHOL_CrudePrev,34.5
643,37216,HIGHCHOL_CrudePrev,31.5
644,37207,HIGHCHOL_CrudePrev,34.1
645,37216,HIGHCHOL_CrudePrev,31.7
646,37206,HIGHCHOL_CrudePrev,31.7
647,37206,HIGHCHOL_CrudePrev,33.8
648,37216,HIGHCHOL_CrudePrev,33.8
649,37216,HIGHCHOL_CrudePrev,32.4
650,37206,HIGHCHOL_CrudePrev,32.4
651,37206,HIGHCHOL_CrudePrev,27.9
652,37216,HIGHCHOL_CrudePrev,27.9
653,37207,HIGHCHOL_CrudePrev,27.9
654,37213,HIGHCHOL_CrudePrev,32.2
655,37207,HIGHCHOL_CrudePrev,32.2
656,37206,HIGHCHOL_CrudePrev,29.8
657,37207,HIGHCHOL_CrudePrev,29.8
658,37206,HIGHCHOL_CrudePrev,28.5
659,37206,HIGHCHOL_CrudePrev,28.3
660,37207,HIGHCHOL_CrudePrev,32.8
661,37207,HIGHCHOL_CrudePrev,36.1
662,37218,HIGHCHOL_CrudePrev,36.1
663,37207,HIGHCHOL_CrudePrev,35.8
664,37218,HIGHCHOL_CrudePrev,35.8
665,37218,HIGHCHOL_CrudePrev,38.4
666,37218,HIGHCHOL_CrudePrev,36.2
667,37209,HIGHCHOL_CrudePrev,28.3
668,37218,HIGHCHOL_CrudePrev,36.0
669,37209,HIGHCHOL_CrudePrev,36.7
670,37209,HIGHCHOL_CrudePrev,32.9
671,37209,HIGHCHOL_CrudePrev,31.6
672,37209,HIGHCHOL_CrudePrev,27.0
673,37209,HIGHCHOL_CrudePrev,25.1
674,37208,HIGHCHOL_CrudePrev,29.4
675,37209,HIGHCHOL_CrudePrev,29.4
676,37209,HIGHCHOL_CrudePrev,15.3
677,37208,HIGHCHOL_CrudePrev,15.3
678,37228,HIGHCHOL_CrudePrev,35.7
679,37208,HIGHCHOL_CrudePrev,35.7
680,37208,HIGHCHOL_CrudePrev,36.2
681,37208,HIGHCHOL_CrudePrev,37.1
682,37208,HIGHCHOL_CrudePrev,28.9
683,37203,HIGHCHOL_CrudePrev,28.9
684,37208,HIGHCHOL_CrudePrev,35.2
685,37209,HIGHCHOL_CrudePrev,35.2
686,37209,HIGHCHOL_CrudePrev,30.3
687,37203,HIGHCHOL_CrudePrev,30.3
688,37210,HIGHCHOL_CrudePrev,32.8
689,37214,HIGHCHOL_CrudePrev,34.1
690,37210,HIGHCHOL_CrudePrev,35.9
691,37214,HIGHCHOL_CrudePrev,35.9
692,37214,HIGHCHOL_CrudePrev,34.9
693,37214,HIGHCHOL_CrudePrev,31.2
694,37214,HIGHCHOL_CrudePrev,34.1
695,37217,HIGHCHOL_CrudePrev,27.9
696,37211,HIGHCHOL_CrudePrev,28.4
697,37217,HIGHCHOL_CrudePrev,28.4
698,37217,HIGHCHOL_CrudePrev,28.7
699,37217,HIGHCHOL_CrudePrev,31.5
700,37217,HIGHCHOL_CrudePrev,34.6
701,37217,HIGHCHOL_CrudePrev,32.6
702,37217,HIGHCHOL_CrudePrev,30.1
703,37214,HIGHCHOL_CrudePrev,28.0
704,37217,HIGHCHOL_CrudePrev,31.3
705,37214,HIGHCHOL_CrudePrev,31.3
706,37217,HIGHCHOL_CrudePrev,26.2
707,37217,HIGHCHOL_CrudePrev,35.3
708,37211,HIGHCHOL_CrudePrev,35.3
709,37217,HIGHCHOL_CrudePrev,31.8
710,37210,HIGHCHOL_CrudePrev,31.8
711,37211,HIGHCHOL_CrudePrev,31.8
712,37217,HIGHCHOL_CrudePrev,26.4
713,37217,HIGHCHOL_CrudePrev,27.1
714,37210,HIGHCHOL_CrudePrev,39.3
715,37210,HIGHCHOL_CrudePrev,35.7
716,37203,HIGHCHOL_CrudePrev,35.7
717,37203,HIGHCHOL_CrudePrev,31.7
718,37204,HIGHCHOL_CrudePrev,31.7
719,37210,HIGHCHOL_CrudePrev,31.7
720,37203,HIGHCHOL_CrudePrev,34.9
721,37204,HIGHCHOL_CrudePrev,34.9
722,37203,HIGHCHOL_CrudePrev,30.0
723,37212,HIGHCHOL_CrudePrev,30.0
724,37232,HIGHCHOL_CrudePrev,17.9
725,37212,HIGHCHOL_CrudePrev,17.9
726,37203,HIGHCHOL_CrudePrev,17.9
727,37203,HIGHCHOL_CrudePrev,9.4
728,37232,HIGHCHOL_CrudePrev,9.4
729,37240,HIGHCHOL_CrudePrev,9.4
730,37212,HIGHCHOL_CrudePrev,9.4
731,37212,HIGHCHOL_CrudePrev,25.3
732,37232,HIGHCHOL_CrudePrev,25.3
733,37203,HIGHCHOL_CrudePrev,25.3
734,37215,HIGHCHOL_CrudePrev,31.2
735,37205,HIGHCHOL_CrudePrev,31.2
736,37203,HIGHCHOL_CrudePrev,22.1
737,37212,HIGHCHOL_CrudePrev,22.1
738,37212,HIGHCHOL_CrudePrev,27.1
739,37215,HIGHCHOL_CrudePrev,27.1
740,37204,HIGHCHOL_CrudePrev,27.1
741,37212,HIGHCHOL_CrudePrev,20.7
742,37204,HIGHCHOL_CrudePrev,20.7
743,37203,HIGHCHOL_CrudePrev,20.7
744,37204,HIGHCHOL_CrudePrev,26.0
745,37211,HIGHCHOL_CrudePrev,35.8
746,37204,HIGHCHOL_CrudePrev,35.8
747,37210,HIGHCHOL_CrudePrev,35.8
748,37210,HIGHCHOL_CrudePrev,33.9
749,37211,HIGHCHOL_CrudePrev,33.9
750,37211,HIGHCHOL_CrudePrev,32.3
751,37210,HIGHCHOL_CrudePrev,32.3
752,37211,HIGHCHOL_CrudePrev,29.9
753,37211,HIGHCHOL_CrudePrev,35.3
754,37204,HIGHCHOL_CrudePrev,35.3
755,37204,HIGHCHOL_CrudePrev,30.0
756,37220,HIGHCHOL_CrudePrev,30.0
757,37204,HIGHCHOL_CrudePrev,26.0
758,37220,HIGHCHOL_CrudePrev,26.0
759,37215,HIGHCHOL_CrudePrev,26.0
760,37215,HIGHCHOL_CrudePrev,27.8
761,37212,HIGHCHOL_CrudePrev,27.8
762,37204,HIGHCHOL_CrudePrev,27.8
763,37205,HIGHCHOL_CrudePrev,35.8
764,37215,HIGHCHOL_CrudePrev,35.8
765,37204,HIGHCHOL_CrudePrev,35.8
766,37205,HIGHCHOL_CrudePrev,35.8
767,37215,HIGHCHOL_CrudePrev,35.8
768,37215,HIGHCHOL_CrudePrev,33.7
769,37205,HIGHCHOL_CrudePrev,33.7
770,37209,HIGHCHOL_CrudePrev,28.2
771,37209,HIGHCHOL_CrudePrev,38.0
772,37205,HIGHCHOL_CrudePrev,38.0
773,37209,HIGHCHOL_CrudePrev,35.0
774,37205,HIGHCHOL_CrudePrev,35.0
775,37205,HIGHCHOL_CrudePrev,28.5
776,37209,HIGHCHOL_CrudePrev,28.5
777,37221,HIGHCHOL_CrudePrev,28.5
778,37205,HIGHCHOL_CrudePrev,36.0
779,37209,HIGHCHOL_CrudePrev,32.4
780,37221,HIGHCHOL_CrudePrev,32.4
781,37205,HIGHCHOL_CrudePrev,32.4
782,37221,HIGHCHOL_CrudePrev,30.9
783,37221,HIGHCHOL_CrudePrev,30.6
784,37209,HIGHCHOL_CrudePrev,30.6
785,37215,HIGHCHOL_CrudePrev,33.3
786,37205,HIGHCHOL_CrudePrev,33.3
787,37221,HIGHCHOL_CrudePrev,33.3
788,37221,HIGHCHOL_CrudePrev,33.2
789,37221,HIGHCHOL_CrudePrev,34.1
790,37221,HIGHCHOL_CrudePrev,32.6
791,37221,HIGHCHOL_CrudePrev,38.9
792,37221,HIGHCHOL_CrudePrev,29.8
793,37215,HIGHCHOL_CrudePrev,33.3
794,37205,HIGHCHOL_CrudePrev,33.3
795,37221,HIGHCHOL_CrudePrev,37.5
796,37205,HIGHCHOL_CrudePrev,37.5
797,37215,HIGHCHOL_CrudePrev,37.5
798,37220,HIGHCHOL_CrudePrev,36.6
799,37215,HIGHCHOL_CrudePrev,36.6
800,37220,HIGHCHOL_CrudePrev,36.9
801,37204,HIGHCHOL_CrudePrev,31.9
802,37220,HIGHCHOL_CrudePrev,31.9
803,37211,HIGHCHOL_CrudePrev,31.9
804,37211,HIGHCHOL_CrudePrev,34.7
805,37204,HIGHCHOL_CrudePrev,33.7
806,37211,HIGHCHOL_CrudePrev,33.7
807,37220,HIGHCHOL_CrudePrev,32.2
808,37211,HIGHCHOL_CrudePrev,32.2
809,37211,HIGHCHOL_CrudePrev,30.8
810,37211,HIGHCHOL_CrudePrev,24.8
811,37211,HIGHCHOL_CrudePrev,28.7
812,37211,HIGHCHOL_CrudePrev,32.2
813,37211,HIGHCHOL_CrudePrev,29.9
814,37211,HIGHCHOL_CrudePrev,31.9
815,37211,HIGHCHOL_CrudePrev,31.5
816,37211,HIGHCHOL_CrudePrev,24.5
817,37211,HIGHCHOL_CrudePrev,28.1
818,37211,HIGHCHOL_CrudePrev,32.6
819,37211,HIGHCHOL_CrudePrev,32.4
820,37211,HIGHCHOL_CrudePrev,26.6
821,37211,HIGHCHOL_CrudePrev,28.9
822,37211,HIGHCHOL_CrudePrev,26.4
823,37211,HIGHCHOL_CrudePrev,32.1
824,37211,HIGHCHOL_CrudePrev,28.7
825,37206,HIGHCHOL_CrudePrev,31.2
826,37213,HIGHCHOL_CrudePrev,31.2
827,37207,HIGHCHOL_CrudePrev,33.4
828,37213,HIGHCHOL_CrudePrev,33.4
829,37206,HIGHCHOL_CrudePrev,33.4
830,37203,HIGHCHOL_CrudePrev,29.5
831,37208,HIGHCHOL_CrudePrev,29.5
832,37219,HIGHCHOL_CrudePrev,29.5
833,37201,HIGHCHOL_CrudePrev,29.5
834,37203,HIGHCHOL_CrudePrev,26.7
835,37219,HIGHCHOL_CrudePrev,26.7
836,37210,HIGHCHOL_CrudePrev,26.7
837,37212,HIGHCHOL_CrudePrev,26.7
838,37201,HIGHCHOL_CrudePrev,26.7
839,37210,HIGHCHOL_CrudePrev,30.2
840,37218,OBESITY_CrudePrev,36.7
841,37207,OBESITY_CrudePrev,38.2
842,37218,OBESITY_CrudePrev,38.2
843,37207,OBESITY_CrudePrev,32.4
844,37216,OBESITY_CrudePrev,39.3
845,37216,OBESITY_CrudePrev,31.2
846,37207,OBESITY_CrudePrev,31.5
847,37207,OBESITY_CrudePrev,44.8
848,37207,OBESITY_CrudePrev,44.0
849,37207,OBESITY_CrudePrev,39.9
850,37216,OBESITY_CrudePrev,39.9
851,37216,OBESITY_CrudePrev,32.8
852,37216,OBESITY_CrudePrev,29.0
853,37216,OBESITY_CrudePrev,30.4
854,37207,OBESITY_CrudePrev,38.5
855,37216,OBESITY_CrudePrev,36.2
856,37206,OBESITY_CrudePrev,36.2
857,37206,OBESITY_CrudePrev,30.0
858,37216,OBESITY_CrudePrev,30.0
859,37216,OBESITY_CrudePrev,29.6
860,37206,OBESITY_CrudePrev,29.6
861,37206,OBESITY_CrudePrev,30.4
862,37216,OBESITY_CrudePrev,30.4
863,37207,OBESITY_CrudePrev,30.4
864,37213,OBESITY_CrudePrev,41.6
865,37207,OBESITY_CrudePrev,41.6
866,37206,OBESITY_CrudePrev,37.7
867,37207,OBESITY_CrudePrev,37.7
868,37206,OBESITY_CrudePrev,25.9
869,37206,OBESITY_CrudePrev,26.8
870,37207,OBESITY_CrudePrev,42.8
871,37207,OBESITY_CrudePrev,44.9
872,37218,OBESITY_CrudePrev,44.9
873,37207,OBESITY_CrudePrev,40.3
874,37218,OBESITY_CrudePrev,40.3
875,37218,OBESITY_CrudePrev,43.1
876,37218,OBESITY_CrudePrev,39.7
877,37209,OBESITY_CrudePrev,33.7
878,37218,OBESITY_CrudePrev,32.4
879,37209,OBESITY_CrudePrev,26.8
880,37209,OBESITY_CrudePrev,30.0
881,37209,OBESITY_CrudePrev,31.7
882,37209,OBESITY_CrudePrev,23.3
883,37209,OBESITY_CrudePrev,29.4
884,37208,OBESITY_CrudePrev,41.8
885,37209,OBESITY_CrudePrev,41.8
886,37209,OBESITY_CrudePrev,34.9
887,37208,OBESITY_CrudePrev,34.9
888,37228,OBESITY_CrudePrev,42.7
889,37208,OBESITY_CrudePrev,42.7
890,37208,OBESITY_CrudePrev,44.7
891,37208,OBESITY_CrudePrev,48.0
892,37208,OBESITY_CrudePrev,43.7
893,37203,OBESITY_CrudePrev,43.7
894,37208,OBESITY_CrudePrev,44.1
895,37209,OBESITY_CrudePrev,44.1
896,37209,OBESITY_CrudePrev,40.8
897,37203,OBESITY_CrudePrev,40.8
898,37210,OBESITY_CrudePrev,51.9
899,37214,OBESITY_CrudePrev,28.3
900,37210,OBESITY_CrudePrev,28.7
901,37214,OBESITY_CrudePrev,28.7
902,37214,OBESITY_CrudePrev,26.5
903,37214,OBESITY_CrudePrev,27.4
904,37214,OBESITY_CrudePrev,31.2
905,37217,OBESITY_CrudePrev,31.4
906,37211,OBESITY_CrudePrev,37.2
907,37217,OBESITY_CrudePrev,37.2
908,37217,OBESITY_CrudePrev,33.1
909,37217,OBESITY_CrudePrev,36.9
910,37217,OBESITY_CrudePrev,29.3
911,37217,OBESITY_CrudePrev,34.0
912,37217,OBESITY_CrudePrev,35.8
913,37214,OBESITY_CrudePrev,30.2
914,37217,OBESITY_CrudePrev,32.1
915,37214,OBESITY_CrudePrev,32.1
916,37217,OBESITY_CrudePrev,34.6
917,37217,OBESITY_CrudePrev,32.4
918,37211,OBESITY_CrudePrev,32.4
919,37217,OBESITY_CrudePrev,35.6
920,37210,OBESITY_CrudePrev,35.6
921,37211,OBESITY_CrudePrev,35.6
922,37217,OBESITY_CrudePrev,36.4
923,37217,OBESITY_CrudePrev,31.8
924,37210,OBESITY_CrudePrev,36.0
925,37210,OBESITY_CrudePrev,44.9
926,37203,OBESITY_CrudePrev,44.9
927,37203,OBESITY_CrudePrev,35.7
928,37204,OBESITY_CrudePrev,35.7
929,37210,OBESITY_CrudePrev,35.7
930,37203,OBESITY_CrudePrev,39.0
931,37204,OBESITY_CrudePrev,39.0
932,37203,OBESITY_CrudePrev,35.3
933,37212,OBESITY_CrudePrev,35.3
934,37232,OBESITY_CrudePrev,19.5
935,37212,OBESITY_CrudePrev,19.5
936,37203,OBESITY_CrudePrev,19.5
937,37203,OBESITY_CrudePrev,18.3
938,37232,OBESITY_CrudePrev,18.3
939,37240,OBESITY_CrudePrev,18.3
940,37212,OBESITY_CrudePrev,18.3
941,37212,OBESITY_CrudePrev,23.8
942,37232,OBESITY_CrudePrev,23.8
943,37203,OBESITY_CrudePrev,23.8
944,37215,OBESITY_CrudePrev,21.7
945,37205,OBESITY_CrudePrev,21.7
946,37203,OBESITY_CrudePrev,20.3
947,37212,OBESITY_CrudePrev,20.3
948,37212,OBESITY_CrudePrev,23.3
949,37215,OBESITY_CrudePrev,23.3
950,37204,OBESITY_CrudePrev,23.3
951,37212,OBESITY_CrudePrev,22.8
952,37204,OBESITY_CrudePrev,22.8
953,37203,OBESITY_CrudePrev,22.8
954,37204,OBESITY_CrudePrev,25.3
955,37211,OBESITY_CrudePrev,33.4
956,37204,OBESITY_CrudePrev,33.4
957,37210,OBESITY_CrudePrev,33.4
958,37210,OBESITY_CrudePrev,34.2
959,37211,OBESITY_CrudePrev,34.2
960,37211,OBESITY_CrudePrev,33.5
961,37210,OBESITY_CrudePrev,33.5
962,37211,OBESITY_CrudePrev,32.1
963,37211,OBESITY_CrudePrev,32.6
964,37204,OBESITY_CrudePrev,32.6
965,37204,OBESITY_CrudePrev,23.0
966,37220,OBESITY_CrudePrev,23.0
967,37204,OBESITY_CrudePrev,21.1
968,37220,OBESITY_CrudePrev,21.1
969,37215,OBESITY_CrudePrev,21.1
970,37215,OBESITY_CrudePrev,23.4
971,37212,OBESITY_CrudePrev,23.4
972,37204,OBESITY_CrudePrev,23.4
973,37205,OBESITY_CrudePrev,22.6
974,37215,OBESITY_CrudePrev,22.6
975,37204,OBESITY_CrudePrev,22.9
976,37205,OBESITY_CrudePrev,22.9
977,37215,OBESITY_CrudePrev,22.9
978,37215,OBESITY_CrudePrev,22.7
979,37205,OBESITY_CrudePrev,22.7
980,37209,OBESITY_CrudePrev,30.8
981,37209,OBESITY_CrudePrev,24.4
982,37205,OBESITY_CrudePrev,24.4
983,37209,OBESITY_CrudePrev,23.7
984,37205,OBESITY_CrudePrev,23.7
985,37205,OBESITY_CrudePrev,27.7
986,37209,OBESITY_CrudePrev,27.7
987,37221,OBESITY_CrudePrev,27.7
988,37205,OBESITY_CrudePrev,23.5
989,37209,OBESITY_CrudePrev,27.3
990,37221,OBESITY_CrudePrev,27.3
991,37205,OBESITY_CrudePrev,27.3
992,37221,OBESITY_CrudePrev,25.7
993,37221,OBESITY_CrudePrev,27.8
994,37209,OBESITY_CrudePrev,27.8
995,37215,OBESITY_CrudePrev,25.8
996,37205,OBESITY_CrudePrev,25.8
997,37221,OBESITY_CrudePrev,25.8
998,37221,OBESITY_CrudePrev,25.8
999,37221,OBESITY_CrudePrev,26.1
1000,37221,OBESITY_CrudePrev,24.9
1001,37221,OBESITY_CrudePrev,24.4
1002,37221,OBESITY_CrudePrev,25.7
1003,37215,OBESITY_CrudePrev,23.0
1004,37205,OBESITY_CrudePrev,23.0
1005,37221,OBESITY_CrudePrev,24.6
1006,37205,OBESITY_CrudePrev,24.6
1007,37215,OBESITY_CrudePrev,24.6
1008,37220,OBESITY_CrudePrev,22.9
1009,37215,OBESITY_CrudePrev,22.9
1010,37220,OBESITY_CrudePrev,23.8
1011,37204,OBESITY_CrudePrev,23.2
1012,37220,OBESITY_CrudePrev,23.2
1013,37211,OBESITY_CrudePrev,23.2
1014,37211,OBESITY_CrudePrev,25.9
1015,37204,OBESITY_CrudePrev,31.2
1016,37211,OBESITY_CrudePrev,31.2
1017,37220,OBESITY_CrudePrev,27.7
1018,37211,OBESITY_CrudePrev,27.7
1019,37211,OBESITY_CrudePrev,31.7
1020,37211,OBESITY_CrudePrev,26.9
1021,37211,OBESITY_CrudePrev,34.4
1022,37211,OBESITY_CrudePrev,35.4
1023,37211,OBESITY_CrudePrev,37.0
1024,37211,OBESITY_CrudePrev,33.7
1025,37211,OBESITY_CrudePrev,29.6
1026,37211,OBESITY_CrudePrev,24.4
1027,37211,OBESITY_CrudePrev,37.0
1028,37211,OBESITY_CrudePrev,34.7
1029,37211,OBESITY_CrudePrev,33.1
1030,37211,OBESITY_CrudePrev,32.0
1031,37211,OBESITY_CrudePrev,31.8
1032,37211,OBESITY_CrudePrev,25.2
1033,37211,OBESITY_CrudePrev,26.4
1034,37211,OBESITY_CrudePrev,29.1
1035,37206,OBESITY_CrudePrev,33.6
1036,37213,OBESITY_CrudePrev,33.6
1037,37207,OBESITY_CrudePrev,47.9
1038,37213,OBESITY_CrudePrev,47.9
1039,37206,OBESITY_CrudePrev,47.9
1040,37203,OBESITY_CrudePrev,32.8
1041,37208,OBESITY_CrudePrev,32.8
1042,37219,OBESITY_CrudePrev,32.8
1043,37201,OBESITY_CrudePrev,32.8
1044,37203,OBESITY_CrudePrev,29.9
1045,37219,OBESITY_CrudePrev,29.9
1046,37210,OBESITY_CrudePrev,29.9
1047,37212,OBESITY_CrudePrev,29.9
1048,37201,OBESITY_CrudePrev,29.9
1049,37210,OBESITY_CrudePrev,30.3
1050,37218,STROKE_CrudePrev,4.5
1051,37207,STROKE_CrudePrev,4.1
1052,37218,STROKE_CrudePrev,4.1
1053,37207,STROKE_CrudePrev,3.4
1054,37216,STROKE_CrudePrev,6.4
1055,37216,STROKE_CrudePrev,5.0
1056,37207,STROKE_CrudePrev,3.4
1057,37207,STROKE_CrudePrev,4.8
1058,37207,STROKE_CrudePrev,5.8
1059,37207,STROKE_CrudePrev,4.8
1060,37216,STROKE_CrudePrev,4.8
1061,37216,STROKE_CrudePrev,3.4
1062,37216,STROKE_CrudePrev,3.1
1063,37216,STROKE_CrudePrev,2.7
1064,37207,STROKE_CrudePrev,4.3
1065,37216,STROKE_CrudePrev,3.8
1066,37206,STROKE_CrudePrev,3.8
1067,37206,STROKE_CrudePrev,3.1
1068,37216,STROKE_CrudePrev,3.1
1069,37216,STROKE_CrudePrev,2.8
1070,37206,STROKE_CrudePrev,2.8
1071,37206,STROKE_CrudePrev,2.4
1072,37216,STROKE_CrudePrev,2.4
1073,37207,STROKE_CrudePrev,2.4
1074,37213,STROKE_CrudePrev,4.9
1075,37207,STROKE_CrudePrev,4.9
1076,37206,STROKE_CrudePrev,3.8
1077,37207,STROKE_CrudePrev,3.8
1078,37206,STROKE_CrudePrev,1.8
1079,37206,STROKE_CrudePrev,1.9
1080,37207,STROKE_CrudePrev,5.0
1081,37207,STROKE_CrudePrev,6.3
1082,37218,STROKE_CrudePrev,6.3
1083,37207,STROKE_CrudePrev,5.3
1084,37218,STROKE_CrudePrev,5.3
1085,37218,STROKE_CrudePrev,6.5
1086,37218,STROKE_CrudePrev,5.7
1087,37209,STROKE_CrudePrev,2.4
1088,37218,STROKE_CrudePrev,3.6
1089,37209,STROKE_CrudePrev,3.3
1090,37209,STROKE_CrudePrev,2.9
1091,37209,STROKE_CrudePrev,2.8
1092,37209,STROKE_CrudePrev,1.5
1093,37209,STROKE_CrudePrev,2.1
1094,37208,STROKE_CrudePrev,4.7
1095,37209,STROKE_CrudePrev,4.7
1096,37209,STROKE_CrudePrev,2.1
1097,37208,STROKE_CrudePrev,2.1
1098,37228,STROKE_CrudePrev,6.3
1099,37208,STROKE_CrudePrev,6.3
1100,37208,STROKE_CrudePrev,6.3
1101,37208,STROKE_CrudePrev,7.1
1102,37208,STROKE_CrudePrev,4.8
1103,37203,STROKE_CrudePrev,4.8
1104,37208,STROKE_CrudePrev,5.8
1105,37209,STROKE_CrudePrev,5.8
1106,37209,STROKE_CrudePrev,4.3
1107,37203,STROKE_CrudePrev,4.3
1108,37210,STROKE_CrudePrev,7.0
1109,37214,STROKE_CrudePrev,2.9
1110,37210,STROKE_CrudePrev,3.3
1111,37214,STROKE_CrudePrev,3.3
1112,37214,STROKE_CrudePrev,2.9
1113,37214,STROKE_CrudePrev,2.5
1114,37214,STROKE_CrudePrev,3.1
1115,37217,STROKE_CrudePrev,2.3
1116,37211,STROKE_CrudePrev,2.9
1117,37217,STROKE_CrudePrev,2.9
1118,37217,STROKE_CrudePrev,2.6
1119,37217,STROKE_CrudePrev,3.4
1120,37217,STROKE_CrudePrev,2.9
1121,37217,STROKE_CrudePrev,3.1
1122,37217,STROKE_CrudePrev,2.9
1123,37214,STROKE_CrudePrev,2.1
1124,37217,STROKE_CrudePrev,2.6
1125,37214,STROKE_CrudePrev,2.6
1126,37217,STROKE_CrudePrev,2.3
1127,37217,STROKE_CrudePrev,3.7
1128,37211,STROKE_CrudePrev,3.7
1129,37217,STROKE_CrudePrev,3.5
1130,37210,STROKE_CrudePrev,3.5
1131,37211,STROKE_CrudePrev,3.5
1132,37217,STROKE_CrudePrev,2.4
1133,37217,STROKE_CrudePrev,2.3
1134,37210,STROKE_CrudePrev,6.3
1135,37210,STROKE_CrudePrev,5.9
1136,37203,STROKE_CrudePrev,5.9
1137,37203,STROKE_CrudePrev,3.6
1138,37204,STROKE_CrudePrev,3.6
1139,37210,STROKE_CrudePrev,3.6
1140,37203,STROKE_CrudePrev,5.2
1141,37204,STROKE_CrudePrev,5.2
1142,37203,STROKE_CrudePrev,3.8
1143,37212,STROKE_CrudePrev,3.8
1144,37232,STROKE_CrudePrev,1.3
1145,37212,STROKE_CrudePrev,1.3
1146,37203,STROKE_CrudePrev,1.3
1147,37203,STROKE_CrudePrev,0.5
1148,37232,STROKE_CrudePrev,0.5
1149,37240,STROKE_CrudePrev,0.5
1150,37212,STROKE_CrudePrev,0.5
1151,37212,STROKE_CrudePrev,1.8
1152,37232,STROKE_CrudePrev,1.8
1153,37203,STROKE_CrudePrev,1.8
1154,37215,STROKE_CrudePrev,2.2
1155,37205,STROKE_CrudePrev,2.2
1156,37203,STROKE_CrudePrev,1.1
1157,37212,STROKE_CrudePrev,1.1
1158,37212,STROKE_CrudePrev,1.6
1159,37215,STROKE_CrudePrev,1.6
1160,37204,STROKE_CrudePrev,1.6
1161,37212,STROKE_CrudePrev,1.6
1162,37204,STROKE_CrudePrev,1.6
1163,37203,STROKE_CrudePrev,1.6
1164,37204,STROKE_CrudePrev,2.0
1165,37211,STROKE_CrudePrev,3.8
1166,37204,STROKE_CrudePrev,3.8
1167,37210,STROKE_CrudePrev,3.8
1168,37210,STROKE_CrudePrev,3.5
1169,37211,STROKE_CrudePrev,3.5
1170,37211,STROKE_CrudePrev,3.2
1171,37210,STROKE_CrudePrev,3.2
1172,37211,STROKE_CrudePrev,2.8
1173,37211,STROKE_CrudePrev,3.8
1174,37204,STROKE_CrudePrev,3.8
1175,37204,STROKE_CrudePrev,1.9
1176,37220,STROKE_CrudePrev,1.9
1177,37204,STROKE_CrudePrev,1.7
1178,37220,STROKE_CrudePrev,1.7
1179,37215,STROKE_CrudePrev,1.7
1180,37215,STROKE_CrudePrev,1.8
1181,37212,STROKE_CrudePrev,1.8
1182,37204,STROKE_CrudePrev,1.8
1183,37205,STROKE_CrudePrev,2.6
1184,37215,STROKE_CrudePrev,2.6
1185,37204,STROKE_CrudePrev,2.9
1186,37205,STROKE_CrudePrev,2.9
1187,37215,STROKE_CrudePrev,2.9
1188,37215,STROKE_CrudePrev,2.2
1189,37205,STROKE_CrudePrev,2.2
1190,37209,STROKE_CrudePrev,2.5
1191,37209,STROKE_CrudePrev,3.3
1192,37205,STROKE_CrudePrev,3.3
1193,37209,STROKE_CrudePrev,2.4
1194,37205,STROKE_CrudePrev,2.4
1195,37205,STROKE_CrudePrev,2.2
1196,37209,STROKE_CrudePrev,2.2
1197,37221,STROKE_CrudePrev,2.2
1198,37205,STROKE_CrudePrev,2.4
1199,37209,STROKE_CrudePrev,2.4
1200,37221,STROKE_CrudePrev,2.4
1201,37205,STROKE_CrudePrev,2.4
1202,37221,STROKE_CrudePrev,1.9
1203,37221,STROKE_CrudePrev,2.5
1204,37209,STROKE_CrudePrev,2.5
1205,37215,STROKE_CrudePrev,2.7
1206,37205,STROKE_CrudePrev,2.7
1207,37221,STROKE_CrudePrev,2.7
1208,37221,STROKE_CrudePrev,2.2
1209,37221,STROKE_CrudePrev,2.2
1210,37221,STROKE_CrudePrev,2.0
1211,37221,STROKE_CrudePrev,3.5
1212,37221,STROKE_CrudePrev,2.2
1213,37215,STROKE_CrudePrev,2.2
1214,37205,STROKE_CrudePrev,2.2
1215,37221,STROKE_CrudePrev,2.4
1216,37205,STROKE_CrudePrev,2.4
1217,37215,STROKE_CrudePrev,2.4
1218,37220,STROKE_CrudePrev,2.4
1219,37215,STROKE_CrudePrev,2.4
1220,37220,STROKE_CrudePrev,2.3
1221,37204,STROKE_CrudePrev,2.1
1222,37220,STROKE_CrudePrev,2.1
1223,37211,STROKE_CrudePrev,2.1
1224,37211,STROKE_CrudePrev,2.4
1225,37204,STROKE_CrudePrev,3.4
1226,37211,STROKE_CrudePrev,3.4
1227,37220,STROKE_CrudePrev,2.6
1228,37211,STROKE_CrudePrev,2.6
1229,37211,STROKE_CrudePrev,3.0
1230,37211,STROKE_CrudePrev,1.7
1231,37211,STROKE_CrudePrev,2.7
1232,37211,STROKE_CrudePrev,3.6
1233,37211,STROKE_CrudePrev,3.3
1234,37211,STROKE_CrudePrev,3.4
1235,37211,STROKE_CrudePrev,3.2
1236,37211,STROKE_CrudePrev,1.5
1237,37211,STROKE_CrudePrev,3.0
1238,37211,STROKE_CrudePrev,3.3
1239,37211,STROKE_CrudePrev,3.2
1240,37211,STROKE_CrudePrev,2.2
1241,37211,STROKE_CrudePrev,2.5
1242,37211,STROKE_CrudePrev,1.6
1243,37211,STROKE_CrudePrev,2.2
1244,37211,STROKE_CrudePrev,2.2
1245,37206,STROKE_CrudePrev,3.1
1246,37213,STROKE_CrudePrev,3.1
1247,37207,STROKE_CrudePrev,6.2
1248,37213,STROKE_CrudePrev,6.2
1249,37206,STROKE_CrudePrev,6.2
1250,37203,STROKE_CrudePrev,3.1
1251,37208,STROKE_CrudePrev,3.1
1252,37219,STROKE_CrudePrev,3.1
1253,37201,STROKE_CrudePrev,3.1
1254,37203,STROKE_CrudePrev,2.1
1255,37219,STROKE_CrudePrev,2.1
1256,37210,STROKE_CrudePrev,2.1
1257,37212,STROKE_CrudePrev,2.1
1258,37201,STROKE_CrudePrev,2.1
1259,37210,STROKE_CrudePrev,2.7
